<?xml version="1.0" encoding="UTF-8"?>
<project version="4">
  <component name="MPSProject">
    <projectModules>
      <modulePath path="$PROJECT_DIR$/languages/Capabilities/Capabilities.mpl" folder="" />
      <modulePath path="$PROJECT_DIR$/languages/Component/Component.mpl" folder="" />
      <modulePath path="$PROJECT_DIR$/languages/Component/sandbox/Component.sandbox.msd" folder="" />
      <modulePath path="$PROJECT_DIR$/solutions/Component.build/Component.build.msd" folder="" />
    </projectModules>
  </component>
</project>