<?xml version="1.0" encoding="UTF-8"?>
<project version="4">
  <component name="ChangeListManager">
    <list default="true" id="c5dc80f7-97ce-4e20-8c83-967c0d3c85e6" name="Changes" comment="" />
    <option name="SHOW_DIALOG" value="false" />
    <option name="HIGHLIGHT_CONFLICTS" value="true" />
    <option name="HIGHLIGHT_NON_ACTIVE_CHANGELIST" value="false" />
    <option name="LAST_RESOLUTION" value="IGNORE" />
  </component>
  <component name="ConsoleHistory">
    <option name="tabs">
      <list>
        <TabState>
          <option name="title" value="Console" />
          <tab>
            <model ref="c87846ff-99de-406c-93c0-1cc12c4b25bc/r:a5b718d2-4224-4fc9-b3f2-c4929ee21338(TempModulec87846ff-99de-406c-93c0-1cc12c4b25bc/ConsoleModel_1812546363638700)">
              <persistence version="9" />
              <languages>
                <devkit ref="70d3d6da-af63-483d-a75f-9c8acf8de332(jetbrains.mps.console.devkit)" />
              </languages>
              <imports />
              <registry>
                <language id="de1ad86d-6e50-4a02-b306-d4d17f64c375" name="jetbrains.mps.console.base">
                  <concept id="1583916890557930028" name="jetbrains.mps.console.base.structure.ConsoleRoot" flags="ng" index="aymSD">
                    <child id="1583916890557930415" name="history" index="aymYE" />
                    <child id="1583916890557930417" name="commandHolder" index="aymYO" />
                    <child id="9025248442620242919" name="cursor" index="1PhJh3" />
                  </concept>
                  <concept id="5758176878586720817" name="jetbrains.mps.console.base.structure.CommandHolderRef" flags="ng" index="2_V_lH">
                    <reference id="5758176878586720818" name="target" index="2_V_lI" />
                  </concept>
                  <concept id="351968380916615243" name="jetbrains.mps.console.base.structure.CommandHolder" flags="ng" index="2Clz$F" />
                  <concept id="757553790980850366" name="jetbrains.mps.console.base.structure.History" flags="ng" index="3balQm" />
                </language>
              </registry>
              <node concept="aymSD" id="7_ZvlvCF2av">
                <node concept="3balQm" id="7_ZvlvCF2aw" role="aymYE" />
                <node concept="2Clz$F" id="7_ZvlvCF2ax" role="aymYO" />
                <node concept="2_V_lH" id="7_ZvlvCF2ay" role="1PhJh3">
                  <ref role="2_V_lI" node="7_ZvlvCF2ax" resolve="CommandHolder" />
                </node>
              </node>
            </model>
          </tab>
        </TabState>
      </list>
    </option>
  </component>
  <component name="DefaultSearchOptions3">
    <search_options>
      <finders>
        <finders />
      </finders>
      <scope>
        <scope_type scope_type="PROJECT" module="&lt;default&gt;" model="&lt;default&gt;" />
      </scope>
      <view>
        <flags show_one_result="true" new_tab="false" />
      </view>
    </search_options>
  </component>
  <component name="MPSBookmarkManager">
    <option name="myBookmarkInfos">
      <array>
        <BookmarkInfo />
        <BookmarkInfo />
        <BookmarkInfo />
        <BookmarkInfo />
        <BookmarkInfo />
        <BookmarkInfo />
        <BookmarkInfo />
        <BookmarkInfo />
        <BookmarkInfo />
        <BookmarkInfo />
      </array>
    </option>
  </component>
  <component name="MessagesViewTool">
    <option name="defaultListState">
      <MessageListState>
        <option name="autoscrollToSource" value="true" />
        <option name="info" value="true" />
        <option name="warnings" value="true" />
      </MessageListState>
    </option>
  </component>
  <component name="ProjectId" id="24aePEH3J6l70oYGMBtWlhHTJfs" />
  <component name="ProjectPluginManager">
    <option name="pluginsState">
      <option name="de.itemis.mps.selection.runtime.plugin.Runtime_ProjectPlugin">
        <value>
          <PluginState />
        </value>
      </option>
      <option name="jetbrains.mps.baseLanguage.lightweightdsl.pluginSolution.plugin.PluginSolution_ProjectPlugin">
        <value>
          <PluginState />
        </value>
      </option>
      <option name="jetbrains.mps.editor.contextActionsTool.pluginSolution.plugin.PluginSolution_ProjectPlugin">
        <value>
          <PluginState />
        </value>
      </option>
      <option name="jetbrains.mps.execution.configurations.implementation.plugin.plugin.Plugin_ProjectPlugin">
        <value>
          <PluginState />
        </value>
      </option>
      <option name="jetbrains.mps.execution.configurations.pluginSolution.plugin.PluginSolution_ProjectPlugin">
        <value>
          <PluginState />
        </value>
      </option>
      <option name="jetbrains.mps.ide.actions.Ide_ProjectPlugin">
        <value>
          <PluginState>
            <option name="myComponentsState">
              <list>
                <ComponentState>
                  <option name="first" value="jetbrains.mps.ide.actions.BehaviorDialogsPersistentOptions_PreferencesComponent" />
                  <params>
                    <option name="addReturnsOnImplement" value="false" />
                    <option name="sortAlphabetically" value="false" />
                    <option name="removeAttributes" value="true" />
                  </params>
                </ComponentState>
              </list>
            </option>
          </PluginState>
        </value>
      </option>
      <option name="jetbrains.mps.ide.devkit.actions.Mpsdevkit_ProjectPlugin">
        <value>
          <PluginState />
        </value>
      </option>
      <option name="jetbrains.mps.ide.make.actions.Make_ProjectPlugin">
        <value>
          <PluginState />
        </value>
      </option>
      <option name="jetbrains.mps.lang.editor.tooltips.runtime.plugin.Runtime_ProjectPlugin">
        <value>
          <PluginState />
        </value>
      </option>
      <option name="jetbrains.mps.vcs.mergehints.plugin.plugin.Plugin_ProjectPlugin">
        <value>
          <PluginState />
        </value>
      </option>
    </option>
  </component>
  <component name="ProjectView">
    <navigator currentView="ProjectPane" proportions="" version="1" />
    <panes>
      <pane id="FileSystem" />
      <pane id="ProjectPane">
        <subPane>
          <PATH>
            <PATH_ELEMENT>
              <option name="myItemId" value="Project" />
              <option name="myItemType" value="" />
            </PATH_ELEMENT>
            <PATH_ELEMENT>
              <option name="myItemId" value="d50984f5-e2e3-438b-aa1a-3d67d4cd3111" />
              <option name="myItemType" value="" />
            </PATH_ELEMENT>
            <PATH_ELEMENT>
              <option name="myItemId" value="Component" />
              <option name="myItemType" value="" />
            </PATH_ELEMENT>
            <PATH_ELEMENT>
              <option name="myItemId" value="r:f3343004-8e0f-44a4-a677-d3e567036c20(Component.HelloWorld) in IdeaFile[path: C:/Users/Mandira Roy/Desktop/Resources/component-dsl-multiple_ports (1)/component-dsl-multiple_ports/languages/Component/sandbox/models/Component.HelloWorld.mps]" />
              <option name="myItemType" value="" />
            </PATH_ELEMENT>
          </PATH>
          <PATH>
            <PATH_ELEMENT>
              <option name="myItemId" value="Project" />
              <option name="myItemType" value="" />
            </PATH_ELEMENT>
            <PATH_ELEMENT>
              <option name="myItemId" value="d50984f5-e2e3-438b-aa1a-3d67d4cd3111" />
              <option name="myItemType" value="" />
            </PATH_ELEMENT>
          </PATH>
          <PATH>
            <PATH_ELEMENT>
              <option name="myItemId" value="Project" />
              <option name="myItemType" value="" />
            </PATH_ELEMENT>
            <PATH_ELEMENT>
              <option name="myItemId" value="d50984f5-e2e3-438b-aa1a-3d67d4cd3111" />
              <option name="myItemType" value="" />
            </PATH_ELEMENT>
            <PATH_ELEMENT>
              <option name="myItemId" value="Component" />
              <option name="myItemType" value="" />
            </PATH_ELEMENT>
          </PATH>
          <PATH>
            <PATH_ELEMENT>
              <option name="myItemId" value="Project" />
              <option name="myItemType" value="" />
            </PATH_ELEMENT>
            <PATH_ELEMENT>
              <option name="myItemId" value="d50984f5-e2e3-438b-aa1a-3d67d4cd3111" />
              <option name="myItemType" value="" />
            </PATH_ELEMENT>
            <PATH_ELEMENT>
              <option name="myItemId" value="Component" />
              <option name="myItemType" value="" />
            </PATH_ELEMENT>
            <PATH_ELEMENT>
              <option name="myItemId" value="r:3ec8ceb3-506e-4623-9b63-df52656b9c4d(Component.sandbox) in IdeaFile[path: C:/Users/Mandira Roy/Desktop/Resources/component-dsl-multiple_ports (1)/component-dsl-multiple_ports/languages/Component/sandbox/models/Component/sandbox.mps]" />
              <option name="myItemType" value="" />
            </PATH_ELEMENT>
            <PATH_ELEMENT>
              <option name="myItemId" value="7572785271611557574" />
              <option name="myItemType" value="" />
            </PATH_ELEMENT>
          </PATH>
          <PATH>
            <PATH_ELEMENT>
              <option name="myItemId" value="Project" />
              <option name="myItemType" value="" />
            </PATH_ELEMENT>
            <PATH_ELEMENT>
              <option name="myItemId" value="d50984f5-e2e3-438b-aa1a-3d67d4cd3111" />
              <option name="myItemType" value="" />
            </PATH_ELEMENT>
            <PATH_ELEMENT>
              <option name="myItemId" value="Component" />
              <option name="myItemType" value="" />
            </PATH_ELEMENT>
            <PATH_ELEMENT>
              <option name="myItemId" value="r:f3343004-8e0f-44a4-a677-d3e567036c20(Component.HelloWorld) in IdeaFile[path: C:/Users/Mandira Roy/Desktop/Resources/component-dsl-multiple_ports (1)/component-dsl-multiple_ports/languages/Component/sandbox/models/Component.HelloWorld.mps]" />
              <option name="myItemType" value="" />
            </PATH_ELEMENT>
            <PATH_ELEMENT>
              <option name="myItemId" value="ComponentDescriptions" />
              <option name="myItemType" value="" />
            </PATH_ELEMENT>
            <PATH_ELEMENT>
              <option name="myItemId" value="2733189759877045883" />
              <option name="myItemType" value="" />
            </PATH_ELEMENT>
          </PATH>
          <PATH>
            <PATH_ELEMENT>
              <option name="myItemId" value="Project" />
              <option name="myItemType" value="" />
            </PATH_ELEMENT>
            <PATH_ELEMENT>
              <option name="myItemId" value="218e40b4-75d4-4de8-83e6-b31e4da8bcee(Component)" />
              <option name="myItemType" value="" />
            </PATH_ELEMENT>
            <PATH_ELEMENT>
              <option name="myItemId" value="r:7dde0f85-b752-4c1f-8bd0-8361dd2efaa4(Component.structure) in IdeaFile[path: C:/Users/Mandira Roy/Desktop/Resources/component-dsl-multiple_ports (1)/component-dsl-multiple_ports/languages/Component/models/structure.mps]" />
              <option name="myItemType" value="" />
            </PATH_ELEMENT>
          </PATH>
          <PATH>
            <PATH_ELEMENT>
              <option name="myItemId" value="Project" />
              <option name="myItemType" value="" />
            </PATH_ELEMENT>
            <PATH_ELEMENT>
              <option name="myItemId" value="218e40b4-75d4-4de8-83e6-b31e4da8bcee(Component)" />
              <option name="myItemType" value="" />
            </PATH_ELEMENT>
          </PATH>
          <PATH>
            <PATH_ELEMENT>
              <option name="myItemId" value="Project" />
              <option name="myItemType" value="" />
            </PATH_ELEMENT>
            <PATH_ELEMENT>
              <option name="myItemId" value="d50984f5-e2e3-438b-aa1a-3d67d4cd3111" />
              <option name="myItemType" value="" />
            </PATH_ELEMENT>
            <PATH_ELEMENT>
              <option name="myItemId" value="Component" />
              <option name="myItemType" value="" />
            </PATH_ELEMENT>
            <PATH_ELEMENT>
              <option name="myItemId" value="r:f3343004-8e0f-44a4-a677-d3e567036c20(Component.HelloWorld) in IdeaFile[path: C:/Users/Mandira Roy/Desktop/Resources/component-dsl-multiple_ports (1)/component-dsl-multiple_ports/languages/Component/sandbox/models/Component.HelloWorld.mps]" />
              <option name="myItemType" value="" />
            </PATH_ELEMENT>
            <PATH_ELEMENT>
              <option name="myItemId" value="ComponentDescriptions" />
              <option name="myItemType" value="" />
            </PATH_ELEMENT>
          </PATH>
          <PATH>
            <PATH_ELEMENT>
              <option name="myItemId" value="Project" />
              <option name="myItemType" value="" />
            </PATH_ELEMENT>
          </PATH>
          <PATH>
            <PATH_ELEMENT>
              <option name="myItemId" value="Project" />
              <option name="myItemType" value="" />
            </PATH_ELEMENT>
            <PATH_ELEMENT>
              <option name="myItemId" value="d50984f5-e2e3-438b-aa1a-3d67d4cd3111" />
              <option name="myItemType" value="" />
            </PATH_ELEMENT>
            <PATH_ELEMENT>
              <option name="myItemId" value="Component" />
              <option name="myItemType" value="" />
            </PATH_ELEMENT>
            <PATH_ELEMENT>
              <option name="myItemId" value="r:3ec8ceb3-506e-4623-9b63-df52656b9c4d(Component.sandbox) in IdeaFile[path: C:/Users/Mandira Roy/Desktop/Resources/component-dsl-multiple_ports (1)/component-dsl-multiple_ports/languages/Component/sandbox/models/Component/sandbox.mps]" />
              <option name="myItemType" value="" />
            </PATH_ELEMENT>
          </PATH>
          <SELECTED>
            <PATH_ELEMENT>
              <option name="myItemId" value="Project" />
              <option name="myItemType" value="" />
            </PATH_ELEMENT>
            <PATH_ELEMENT>
              <option name="myItemId" value="d50984f5-e2e3-438b-aa1a-3d67d4cd3111" />
              <option name="myItemType" value="" />
            </PATH_ELEMENT>
            <PATH_ELEMENT>
              <option name="myItemId" value="Component" />
              <option name="myItemType" value="" />
            </PATH_ELEMENT>
            <PATH_ELEMENT>
              <option name="myItemId" value="r:f3343004-8e0f-44a4-a677-d3e567036c20(Component.HelloWorld) in IdeaFile[path: C:/Users/Mandira Roy/Desktop/Resources/component-dsl-multiple_ports (1)/component-dsl-multiple_ports/languages/Component/sandbox/models/Component.HelloWorld.mps]" />
              <option name="myItemType" value="" />
            </PATH_ELEMENT>
            <PATH_ELEMENT>
              <option name="myItemId" value="ComponentDescriptions" />
              <option name="myItemType" value="" />
            </PATH_ELEMENT>
            <PATH_ELEMENT>
              <option name="myItemId" value="2733189759877045883" />
              <option name="myItemType" value="" />
            </PATH_ELEMENT>
          </SELECTED>
        </subPane>
      </pane>
      <pane id="Scope" />
    </panes>
  </component>
  <component name="ProjectViewState">
    <option name="hideEmptyMiddlePackages" value="true" />
    <option name="showLibraryContents" value="true" />
  </component>
  <component name="PropertiesComponent">
    <property name="RunOnceActivity.OpenProjectViewOnStart" value="true" />
    <property name="RunOnceActivity.ShowReadmeOnStart" value="true" />
  </component>
  <component name="SpellCheckerSettings" RuntimeDictionaries="0" Folders="0" CustomDictionaries="0" DefaultDictionary="application-level" UseSingleDictionary="true" transferred="true" />
  <component name="TaskManager">
    <task active="true" id="Default" summary="Default task">
      <changelist id="c5dc80f7-97ce-4e20-8c83-967c0d3c85e6" name="Changes" comment="" />
      <created>1643873098744</created>
      <option name="number" value="Default" />
      <option name="presentableId" value="Default" />
      <updated>1643873098744</updated>
    </task>
    <servers />
  </component>
  <component name="UsagesViewTool">
    <version id="1" />
    <tabs />
    <default_view_options>
      <options category_option="false" module_option="true" model_option="true" root_option="true" path_option="false" count_option="true" info_option="true" view_searched_nodes_option="true" group_searched_nodes_option="true" autoscroll_option="false" />
    </default_view_options>
  </component>
</project>