<project name="dimensions" default="build">
  <!-- Generated by MPS -->
  <property name="build.dir" location="build" />
  <property name="build.tmp" location="${build.dir}/tmp/dimensions" />
  <property name="build.layout" location="${build.dir}/artifacts/dimensions" />
  <property name="mps_home" location="" />
  <property name="kinematics_home" location="${basedir}/../kinematic-chains-dsl/build/artifacts/KinematicChains" />
  <property name="current_version" value="1.0.0" />
  <property name="artifacts.mps" location="${mps_home}" />
  <property name="artifacts.KinematicChains" location="${kinematics_home}" />
  <property file="${artifacts.mps}/build.properties" prefix="import.mps" />
  <property file="${artifacts.KinematicChains}/build.properties" prefix="import.KinematicChains" />
  <property name="mps.build.number" value="${import.mps.mps.build.number}" />
  <property name="mps.date" value="${import.mps.mps.date}" />
  <property name="mps.build.vcs.number" value="${import.mps.mps.build.vcs.number}" />
  <property name="mps.teamcity.buildConfName" value="${import.mps.mps.teamcity.buildConfName}" />
  <property name="mps.idea.platform.build.number" value="${import.mps.mps.idea.platform.build.number}" />
  <property name="mps.mps.build.counter" value="${import.mps.mps.mps.build.counter}" />
  <property name="mpsBootstrapCore.version.major" value="${import.mps.mpsBootstrapCore.version.major}" />
  <property name="mpsBootstrapCore.version.minor" value="${import.mps.mpsBootstrapCore.version.minor}" />
  <property name="mpsBootstrapCore.version.bugfixNr" value="${import.mps.mpsBootstrapCore.version.bugfixNr}" />
  <property name="mpsBootstrapCore.version.eap" value="${import.mps.mpsBootstrapCore.version.eap}" />
  <property name="mpsBootstrapCore.version" value="${import.mps.mpsBootstrapCore.version}" />
  <property name="KinematicChains.current_version" value="${import.KinematicChains.KinematicChains.current_version}" />
  <property name="environment" value="env" />
  <property name="env.JAVA_HOME" value="${java.home}/.." />
  <property name="jdk.home" value="${env.JAVA_HOME}" />
  <property name="mps.generator.skipUnmodifiedModels" value="false" />
  <property name="mps.ant.log" value="warn" />
  
  <path id="path.mps.ant.path">
    <pathelement location="${artifacts.mps}/lib/ant/lib/ant-mps.jar" />
    <fileset dir="${artifacts.mps}/lib">
      <include name="util.jar" />
    </fileset>
  </path>
  
  <taskdef resource="jetbrains/mps/build/ant/antlib.xml" classpathref="path.mps.ant.path" />
  
  <generator-settings id="m2m-defaults" strictMode="true" parallelThreads="8" inplaceTransform="false" warnWrongChild="true" createStaticRefs="true" skipUnmodifiedModels="${mps.generator.skipUnmodifiedModels}" />
  
  <target name="assemble" depends="classes, declare-mps-tasks">
    <mkdir dir="${build.layout}" />
    <mkdir dir="${build.tmp}/default/dimensions.zip" />
    <mkdir dir="${build.tmp}/default/cosmo.dimensions.build.jar" />
    <mkdir dir="${build.tmp}/default/cosmo.dimensions.build.jar/META-INF" />
    <echoxml file="${build.tmp}/default/cosmo.dimensions.build.jar/META-INF/module.xml">
      <module namespace="cosmo.dimensions.build" type="solution" uuid="5276df98-ad74-4c83-b95e-80c2a30f443d">
        <dependencies>
          <module ref="e698fac9-be95-401f-abc7-69942a3f3953(KinematicChains.build)" kind="cl" />
          <module ref="422c2909-59d6-41a9-b318-40e6256b250f(jetbrains.mps.ide.build)" kind="cl" />
        </dependencies>
        <uses>
          <language id="l:798100da-4f0a-421a-b991-71f8c50ce5d2:jetbrains.mps.build" />
          <language id="l:0cf935df-4699-4e9c-a132-fa109541cba3:jetbrains.mps.build.mps" />
          <language id="l:479c7a8c-02f9-43b5-9139-d910cb22f298:jetbrains.mps.core.xml" />
        </uses>
        <classpath>
          <entry path="." />
        </classpath>
        <sources jar="cosmo.dimensions.build-src.jar" descriptor="cosmo.dimensions.build.msd" />
      </module>
    </echoxml>
    <jar destfile="${build.tmp}/default/dimensions.zip/cosmo.dimensions.build.jar" duplicate="preserve">
      <fileset dir="${build.tmp}/java/out/cosmo.dimensions.build" />
      <fileset dir="${basedir}/solutions/cosmo.dimensions.build/source_gen" includes="**/trace.info, **/exports, **/*.mps, **/checkpoints" />
      <fileset dir="${build.tmp}/default/cosmo.dimensions.build.jar" />
    </jar>
    <copyModels todir="${build.tmp}/customProcessors/copyModels/solutions-cosmo.dimensions.build-models">
      <fileset dir="${basedir}/solutions/cosmo.dimensions.build/models" includes="**/*.mps, **/*.mpsr, **/.model" />
    </copyModels>
    <jar destfile="${build.tmp}/default/dimensions.zip/cosmo.dimensions.build-src.jar" duplicate="preserve">
      <fileset dir="${basedir}/solutions/cosmo.dimensions.build/source_gen">
        <exclude name="**/trace.info" />
        <exclude name="**/exports" />
        <exclude name="**/checkpoints" />
        <exclude name="**/*.mps" />
      </fileset>
      <zipfileset file="${basedir}/solutions/cosmo.dimensions.build/cosmo.dimensions.build.msd" prefix="module" />
      <zipfileset dir="${build.tmp}/customProcessors/copyModels/solutions-cosmo.dimensions.build-models" prefix="module/models" />
    </jar>
    <mkdir dir="${build.tmp}/default/dimensions.zip/cosmo.dimensions" />
    <mkdir dir="${build.tmp}/default/dimensions.zip/cosmo.dimensions/META-INF" />
    <echoxml file="${build.tmp}/default/dimensions.zip/cosmo.dimensions/META-INF/plugin.xml">
      <idea-plugin xmlns:xi="http://www.w3.org/2001/XInclude">
        <id>dimensions</id>
        <name>dimensions</name>
        <description>Three base dimensions for robotics systems: Capabilities, Software-, and Hardware Platform.</description>
        <version>${current_version}</version>
        <vendor url="https://ekvv.uni-bielefeld.de/pers_publ/publ/PersonDetail.jsp?personId=46595843">Dennis Leroy Wigand</vendor>
        <depends>KinematicChains</depends>
        <vendor email="dwigand@techfak.uni-bielefeld.de" url="https://github.com/xwavex">Dennis Leroy Wigand</vendor>
        <idea-version until-build="194.0" since-build="193.SNAPSHOT" />
        
        <extensions defaultExtensionNs="com.intellij">
          <mps.LanguageLibrary dir="/languages" />
        </extensions>
      </idea-plugin>
    </echoxml>
    <mkdir dir="${build.tmp}/default/dimensions.zip/cosmo.dimensions/lib" />
    <mkdir dir="${build.tmp}/default/cosmo.dimensions.jar" />
    <mkdir dir="${build.tmp}/default/cosmo.dimensions.jar/META-INF" />
    <echoxml file="${build.tmp}/default/cosmo.dimensions.jar/META-INF/plugin.xml">
      <idea-plugin xmlns:xi="http://www.w3.org/2001/XInclude">
        <id>dimensions</id>
        <name>dimensions</name>
        <description>Three base dimensions for robotics systems: Capabilities, Software-, and Hardware Platform.</description>
        <version>${current_version}</version>
        <vendor url="https://ekvv.uni-bielefeld.de/pers_publ/publ/PersonDetail.jsp?personId=46595843">Dennis Leroy Wigand</vendor>
        <depends>KinematicChains</depends>
        <vendor email="dwigand@techfak.uni-bielefeld.de" url="https://github.com/xwavex">Dennis Leroy Wigand</vendor>
        <idea-version until-build="194.0" since-build="193.SNAPSHOT" />
        
        <extensions defaultExtensionNs="com.intellij">
          <mps.LanguageLibrary dir="/languages" />
        </extensions>
      </idea-plugin>
    </echoxml>
    <jar destfile="${build.tmp}/default/dimensions.zip/cosmo.dimensions/lib/cosmo.dimensions.jar" duplicate="preserve">
      <fileset dir="${build.tmp}/default/cosmo.dimensions.jar" />
    </jar>
    <mkdir dir="${build.tmp}/default/dimensions.zip/cosmo.dimensions/languages" />
    <mkdir dir="${build.tmp}/default/dimensions.zip/cosmo.dimensions/languages/dimensions" />
    <mkdir dir="${build.tmp}/default/HardwarePlatforms.jar" />
    <mkdir dir="${build.tmp}/default/HardwarePlatforms.jar/META-INF" />
    <echoxml file="${build.tmp}/default/HardwarePlatforms.jar/META-INF/module.xml">
      <module namespace="HardwarePlatforms" type="language" uuid="d943373f-819f-4ebe-b0e0-94c5169d72a2">
        <dependencies>
          <module ref="6354ebe7-c22a-4a0f-ac54-50b52ab9b065(JDK)" kind="rt" />
          <module ref="6ed54515-acc8-4d1e-a16c-9fd6cfe951ea(MPS.Core)" kind="rt" />
          <module ref="1ed103c3-3aa6-49b7-9c21-6765ee11f224(MPS.Editor)" kind="rt" />
          <module ref="215c4c45-ba99-49f5-9ab7-4b6901a63cfd(MPS.Generator)" kind="rt" />
          <module ref="8865b7a8-5271-43d3-884c-6fd1d9cfdd34(MPS.OpenAPI)" kind="rt" />
          <module ref="742f6602-5a2f-4313-aa6e-ae1cd4ffdc61(MPS.Platform)" kind="rt" />
          <module ref="7124e466-fc92-4803-a656-d7a6b7eb3910(MPS.TextGen)" kind="rt" />
          <module ref="4c6a28d1-2c60-478d-b36e-db9b3cbb21fb(closures.runtime)" kind="rt" />
          <module ref="9b80526e-f0bf-4992-bdf5-cee39c1833f3(collections.runtime)" kind="rt" />
          <module ref="af19274f-5f89-42dd-8f3c-c9932448f7f2(jetbrains.mps.analyzers.runtime)" kind="rt" />
          <module ref="a3e4657f-a76c-45bb-bbda-c764596ecc65(jetbrains.mps.baseLanguage.logging.runtime)" kind="rt" />
          <module ref="52b81ac7-93fd-4e9e-b972-4995882da6d4(jetbrains.mps.baseLanguage.references.runtime)" kind="rt" />
          <module ref="d44dab97-aaac-44cb-9745-8a14db674c03(jetbrains.mps.baseLanguage.tuples.runtime)" kind="rt" />
          <module ref="2af156ab-65c1-4a62-bd0d-ea734f71eab6(jetbrains.mps.dataFlow.runtime)" kind="rt" />
          <module ref="34e84b8f-afa8-4364-abcd-a279fddddbe7(jetbrains.mps.editor.runtime)" kind="rt" />
          <module ref="d936855b-48da-4812-a8a0-2bfddd633ac5(jetbrains.mps.lang.behavior.api)" kind="rt" />
          <module ref="d936855b-48da-4812-a8a0-2bfddd633ac4(jetbrains.mps.lang.behavior.runtime)" kind="rt" />
          <module ref="8e98f4e2-decf-4e97-bf80-9109e8b759ee(jetbrains.mps.lang.constraints.rules.runtime)" kind="rt" />
          <module ref="9e9ef4e2-decf-4e97-bf80-9109e8b759bb(jetbrains.mps.lang.feedback.api)" kind="rt" />
          <module ref="3f98f4e2-decf-4e97-bf80-9109e8b759ab(jetbrains.mps.lang.feedback.problem.rt)" kind="rt" />
          <module ref="0a98f3e2-decf-4e97-bf80-9109eccc59bb(jetbrains.mps.lang.feedback.problem.rules)" kind="rt" />
          <module ref="9abaaae2-decf-4e97-bf80-9109e8b759cc(jetbrains.mps.lang.messages.api)" kind="rt" />
          <module ref="d7eb0a2a-bd50-4576-beae-e4a89db35f20(jetbrains.mps.lang.scopes.runtime)" kind="rt" />
          <module ref="31f56055-9d30-42b3-a2b1-fb3f554d7075(jetbrains.mps.lang.smodel.query.runtime)" kind="rt" />
          <module ref="8fe4c62a-2020-4ff4-8eda-f322a55bdc9f(jetbrains.mps.refactoring.runtime)" kind="rt" />
          <module ref="9a4afe51-f114-4595-b5df-048ce3c596be(jetbrains.mps.runtime)" kind="rt" />
          <module ref="4cc07462-84b3-4d01-8adb-629ddd3cebd4(Capabilities)" kind="cl" />
          <module ref="d6881f78-a85d-4c9e-931e-30879e67afdd(KinematicChains)" kind="cl" />
          <module ref="2d3c70e9-aab2-4870-8d8d-6036800e4103(jetbrains.mps.kernel)" kind="cl" />
          <module ref="ceab5195-25ea-4f22-9b92-103b95ca8c0c(jetbrains.mps.lang.core)" kind="cl" />
          <module ref="a9e4c532-c5f5-4bb7-99ef-42abb73bbb70(jetbrains.mps.lang.descriptor.aspects)" kind="cl" />
        </dependencies>
        <uses>
          <language id="l:f3061a53-9226-4cc5-a443-f952ceaf5816:jetbrains.mps.baseLanguage" />
          <language id="l:774bf8a0-62e5-41e1-af63-f4812e60e48b:jetbrains.mps.baseLanguage.checkedDots" />
          <language id="l:443f4c36-fcf5-4eb6-9500-8d06ed259e3e:jetbrains.mps.baseLanguage.classifiers" />
          <language id="l:fd392034-7849-419d-9071-12563d152375:jetbrains.mps.baseLanguage.closures" />
          <language id="l:83888646-71ce-4f1c-9c53-c54016f6ad4f:jetbrains.mps.baseLanguage.collections" />
          <language id="l:f2801650-65d5-424e-bb1b-463a8781b786:jetbrains.mps.baseLanguage.javadoc" />
          <language id="l:96ee7a94-411d-4cf8-9b94-96cad7e52411:jetbrains.mps.baseLanguage.jdk7" />
          <language id="l:760a0a8c-eabb-4521-8bfd-65db761a9ba3:jetbrains.mps.baseLanguage.logging" />
          <language id="l:a247e09e-2435-45ba-b8d2-07e93feba96a:jetbrains.mps.baseLanguage.tuples" />
          <language id="l:515552c7-fcc0-4ab4-9789-2f3c49344e85:jetbrains.mps.baseLanguage.varVariable" />
          <language id="l:df345b11-b8c7-4213-ac66-48d2a9b75d88:jetbrains.mps.baseLanguageInternal" />
          <language id="l:aee9cad2-acd4-4608-aef2-0004f6a1cdbd:jetbrains.mps.lang.actions" />
          <language id="l:af65afd8-f0dd-4942-87d9-63a55f2a9db1:jetbrains.mps.lang.behavior" />
          <language id="l:3f4bc5f5-c6c1-4a28-8b10-c83066ffa4a1:jetbrains.mps.lang.constraints" />
          <language id="l:e51810c5-7308-4642-bcb6-469e61b5dd18:jetbrains.mps.lang.constraints.msg.specification" />
          <language id="l:47257bf3-78d3-470b-89d9-8c3261a61d15:jetbrains.mps.lang.constraints.rules" />
          <language id="l:5dae8159-ab99-46bb-a40d-0cee30ee7018:jetbrains.mps.lang.constraints.rules.kinds" />
          <language id="l:134c38d4-e3af-4d9e-b069-1c7df0a4005d:jetbrains.mps.lang.constraints.rules.skeleton" />
          <language id="l:3ad5badc-1d9c-461c-b7b1-fa2fcd0a0ae7:jetbrains.mps.lang.context" />
          <language id="l:ea3159bf-f48e-4720-bde2-86dba75f0d34:jetbrains.mps.lang.context.defs" />
          <language id="l:ceab5195-25ea-4f22-9b92-103b95ca8c0c:jetbrains.mps.lang.core" />
          <language id="l:7fa12e9c-b949-4976-b4fa-19accbc320b4:jetbrains.mps.lang.dataFlow" />
          <language id="l:97a52717-898f-4598-8150-573d9fd03868:jetbrains.mps.lang.dataFlow.analyzers" />
          <language id="l:f4ad079d-bc71-4ffb-9600-9328705cf998:jetbrains.mps.lang.descriptor" />
          <language id="l:18bc6592-03a6-4e29-a83a-7ff23bde13ba:jetbrains.mps.lang.editor" />
          <language id="l:cd17a113-ca4e-472f-a8de-c49008f9eea8:jetbrains.mps.lang.feedback" />
          <language id="l:16e76fe3-9534-4def-afb7-925a169a7c0b:jetbrains.mps.lang.feedback.messages" />
          <language id="l:033598a4-76a9-47e1-ac89-a300c0fceab8:jetbrains.mps.lang.feedback.problem" />
          <language id="l:db2a46c2-ebec-4b6c-b6c2-f9b55b9b6f8a:jetbrains.mps.lang.feedback.problem.failingRule" />
          <language id="l:517077fd-e44f-4338-a475-1d29781dfdb8:jetbrains.mps.lang.feedback.skeleton" />
          <language id="l:64d34fcd-ad02-4e73-aff8-a581124c2e30:jetbrains.mps.lang.findUsages" />
          <language id="l:b401a680-8325-4110-8fd3-84331ff25bef:jetbrains.mps.lang.generator" />
          <language id="l:d7706f63-9be2-479c-a3da-ae92af1e64d5:jetbrains.mps.lang.generator.generationContext" />
          <language id="l:d7a92d38-f7db-40d0-8431-763b0c3c9f20:jetbrains.mps.lang.intentions" />
          <language id="l:ad93155d-79b2-4759-b10c-55123e763903:jetbrains.mps.lang.messages" />
          <language id="l:d4615e3b-d671-4ba9-af01-2b78369b0ba7:jetbrains.mps.lang.pattern" />
          <language id="l:3a13115c-633c-4c5c-bbcc-75c4219e9555:jetbrains.mps.lang.quotation" />
          <language id="l:3ecd7c84-cde3-45de-886c-135ecc69b742:jetbrains.mps.lang.refactoring" />
          <language id="l:982eb8df-2c96-4bd7-9963-11712ea622e5:jetbrains.mps.lang.resources" />
          <language id="l:b3551702-269c-4f05-ba61-58060cef4292:jetbrains.mps.lang.rulesAndMessages" />
          <language id="l:d8f591ec-4d86-4af2-9f92-a9e93c803ffa:jetbrains.mps.lang.scopes" />
          <language id="l:0eddeefa-c2d6-4437-bc2c-de50fd4ce470:jetbrains.mps.lang.script" />
          <language id="l:13744753-c81f-424a-9c1b-cf8943bf4e86:jetbrains.mps.lang.sharedConcepts" />
          <language id="l:69b8a993-9b87-4d96-bf0c-3559f4bb0c63:jetbrains.mps.lang.slanguage" />
          <language id="l:7866978e-a0f0-4cc7-81bc-4d213d9375e1:jetbrains.mps.lang.smodel" />
          <language id="l:c72da2b9-7cce-4447-8389-f407dc1158b7:jetbrains.mps.lang.structure" />
          <language id="l:c7fb639f-be78-4307-89b0-b5959c3fa8c8:jetbrains.mps.lang.text" />
          <language id="l:b83431fe-5c8f-40bc-8a36-65e25f4dd253:jetbrains.mps.lang.textGen" />
          <language id="l:7a5dda62-9140-4668-ab76-d5ed1746f2b2:jetbrains.mps.lang.typesystem" />
        </uses>
        <classpath>
          <entry path="." />
        </classpath>
        <sources jar="HardwarePlatforms-src.jar" descriptor="HardwarePlatforms.mpl" />
      </module>
    </echoxml>
    <jar destfile="${build.tmp}/default/dimensions.zip/cosmo.dimensions/languages/dimensions/HardwarePlatforms.jar" duplicate="preserve">
      <fileset dir="${build.tmp}/java/out/HardwarePlatforms" />
      <fileset dir="${basedir}/languages/HardwarePlatforms" includes="icons/**, resources/**" />
      <fileset dir="${basedir}/languages/HardwarePlatforms/source_gen" includes="**/trace.info, **/exports, **/*.mps, **/checkpoints" />
      <fileset dir="${build.tmp}/default/HardwarePlatforms.jar" />
    </jar>
    <copyModels todir="${build.tmp}/customProcessors/copyModels/languages-HardwarePlatforms-models">
      <fileset dir="${basedir}/languages/HardwarePlatforms/models" includes="**/*.mps, **/*.mpsr, **/.model" />
    </copyModels>
    <jar destfile="${build.tmp}/default/dimensions.zip/cosmo.dimensions/languages/dimensions/HardwarePlatforms-src.jar" duplicate="preserve">
      <fileset dir="${basedir}/languages/HardwarePlatforms/source_gen">
        <exclude name="**/trace.info" />
        <exclude name="**/exports" />
        <exclude name="**/checkpoints" />
        <exclude name="**/*.mps" />
      </fileset>
      <zipfileset file="${basedir}/languages/HardwarePlatforms/HardwarePlatforms.mpl" prefix="module" />
      <zipfileset dir="${build.tmp}/customProcessors/copyModels/languages-HardwarePlatforms-models" prefix="module/models" />
    </jar>
    <mkdir dir="${build.tmp}/default/SoftwarePlatforms.jar" />
    <mkdir dir="${build.tmp}/default/SoftwarePlatforms.jar/META-INF" />
    <echoxml file="${build.tmp}/default/SoftwarePlatforms.jar/META-INF/module.xml">
      <module namespace="SoftwarePlatforms" type="language" uuid="8fb3e629-b68f-443e-b616-d61142df624b">
        <dependencies>
          <module ref="6354ebe7-c22a-4a0f-ac54-50b52ab9b065(JDK)" kind="rt" />
          <module ref="6ed54515-acc8-4d1e-a16c-9fd6cfe951ea(MPS.Core)" kind="rt" />
          <module ref="1ed103c3-3aa6-49b7-9c21-6765ee11f224(MPS.Editor)" kind="rt" />
          <module ref="215c4c45-ba99-49f5-9ab7-4b6901a63cfd(MPS.Generator)" kind="rt" />
          <module ref="8865b7a8-5271-43d3-884c-6fd1d9cfdd34(MPS.OpenAPI)" kind="rt" />
          <module ref="742f6602-5a2f-4313-aa6e-ae1cd4ffdc61(MPS.Platform)" kind="rt" />
          <module ref="7124e466-fc92-4803-a656-d7a6b7eb3910(MPS.TextGen)" kind="rt" />
          <module ref="4c6a28d1-2c60-478d-b36e-db9b3cbb21fb(closures.runtime)" kind="rt" />
          <module ref="9b80526e-f0bf-4992-bdf5-cee39c1833f3(collections.runtime)" kind="rt" />
          <module ref="af19274f-5f89-42dd-8f3c-c9932448f7f2(jetbrains.mps.analyzers.runtime)" kind="rt" />
          <module ref="a3e4657f-a76c-45bb-bbda-c764596ecc65(jetbrains.mps.baseLanguage.logging.runtime)" kind="rt" />
          <module ref="52b81ac7-93fd-4e9e-b972-4995882da6d4(jetbrains.mps.baseLanguage.references.runtime)" kind="rt" />
          <module ref="d44dab97-aaac-44cb-9745-8a14db674c03(jetbrains.mps.baseLanguage.tuples.runtime)" kind="rt" />
          <module ref="2af156ab-65c1-4a62-bd0d-ea734f71eab6(jetbrains.mps.dataFlow.runtime)" kind="rt" />
          <module ref="34e84b8f-afa8-4364-abcd-a279fddddbe7(jetbrains.mps.editor.runtime)" kind="rt" />
          <module ref="d936855b-48da-4812-a8a0-2bfddd633ac5(jetbrains.mps.lang.behavior.api)" kind="rt" />
          <module ref="d936855b-48da-4812-a8a0-2bfddd633ac4(jetbrains.mps.lang.behavior.runtime)" kind="rt" />
          <module ref="8e98f4e2-decf-4e97-bf80-9109e8b759ee(jetbrains.mps.lang.constraints.rules.runtime)" kind="rt" />
          <module ref="9e9ef4e2-decf-4e97-bf80-9109e8b759bb(jetbrains.mps.lang.feedback.api)" kind="rt" />
          <module ref="3f98f4e2-decf-4e97-bf80-9109e8b759ab(jetbrains.mps.lang.feedback.problem.rt)" kind="rt" />
          <module ref="0a98f3e2-decf-4e97-bf80-9109eccc59bb(jetbrains.mps.lang.feedback.problem.rules)" kind="rt" />
          <module ref="9abaaae2-decf-4e97-bf80-9109e8b759cc(jetbrains.mps.lang.messages.api)" kind="rt" />
          <module ref="d7eb0a2a-bd50-4576-beae-e4a89db35f20(jetbrains.mps.lang.scopes.runtime)" kind="rt" />
          <module ref="31f56055-9d30-42b3-a2b1-fb3f554d7075(jetbrains.mps.lang.smodel.query.runtime)" kind="rt" />
          <module ref="8fe4c62a-2020-4ff4-8eda-f322a55bdc9f(jetbrains.mps.refactoring.runtime)" kind="rt" />
          <module ref="9a4afe51-f114-4595-b5df-048ce3c596be(jetbrains.mps.runtime)" kind="rt" />
          <module ref="4cc07462-84b3-4d01-8adb-629ddd3cebd4(Capabilities)" kind="cl" />
          <module ref="6354ebe7-c22a-4a0f-ac54-50b52ab9b065(JDK)" kind="cl" />
          <module ref="8865b7a8-5271-43d3-884c-6fd1d9cfdd34(MPS.OpenAPI)" kind="cl" />
          <module ref="ceab5195-25ea-4f22-9b92-103b95ca8c0c(jetbrains.mps.lang.core)" kind="cl" />
          <module ref="a9e4c532-c5f5-4bb7-99ef-42abb73bbb70(jetbrains.mps.lang.descriptor.aspects)" kind="cl" />
          <module ref="86ef8290-12bb-4ca7-947f-093788f263a9(jetbrains.mps.lang.project)" kind="cl" />
        </dependencies>
        <uses>
          <language id="l:f3061a53-9226-4cc5-a443-f952ceaf5816:jetbrains.mps.baseLanguage" />
          <language id="l:774bf8a0-62e5-41e1-af63-f4812e60e48b:jetbrains.mps.baseLanguage.checkedDots" />
          <language id="l:443f4c36-fcf5-4eb6-9500-8d06ed259e3e:jetbrains.mps.baseLanguage.classifiers" />
          <language id="l:fd392034-7849-419d-9071-12563d152375:jetbrains.mps.baseLanguage.closures" />
          <language id="l:83888646-71ce-4f1c-9c53-c54016f6ad4f:jetbrains.mps.baseLanguage.collections" />
          <language id="l:f2801650-65d5-424e-bb1b-463a8781b786:jetbrains.mps.baseLanguage.javadoc" />
          <language id="l:96ee7a94-411d-4cf8-9b94-96cad7e52411:jetbrains.mps.baseLanguage.jdk7" />
          <language id="l:760a0a8c-eabb-4521-8bfd-65db761a9ba3:jetbrains.mps.baseLanguage.logging" />
          <language id="l:a247e09e-2435-45ba-b8d2-07e93feba96a:jetbrains.mps.baseLanguage.tuples" />
          <language id="l:515552c7-fcc0-4ab4-9789-2f3c49344e85:jetbrains.mps.baseLanguage.varVariable" />
          <language id="l:df345b11-b8c7-4213-ac66-48d2a9b75d88:jetbrains.mps.baseLanguageInternal" />
          <language id="l:aee9cad2-acd4-4608-aef2-0004f6a1cdbd:jetbrains.mps.lang.actions" />
          <language id="l:af65afd8-f0dd-4942-87d9-63a55f2a9db1:jetbrains.mps.lang.behavior" />
          <language id="l:3f4bc5f5-c6c1-4a28-8b10-c83066ffa4a1:jetbrains.mps.lang.constraints" />
          <language id="l:e51810c5-7308-4642-bcb6-469e61b5dd18:jetbrains.mps.lang.constraints.msg.specification" />
          <language id="l:47257bf3-78d3-470b-89d9-8c3261a61d15:jetbrains.mps.lang.constraints.rules" />
          <language id="l:5dae8159-ab99-46bb-a40d-0cee30ee7018:jetbrains.mps.lang.constraints.rules.kinds" />
          <language id="l:134c38d4-e3af-4d9e-b069-1c7df0a4005d:jetbrains.mps.lang.constraints.rules.skeleton" />
          <language id="l:3ad5badc-1d9c-461c-b7b1-fa2fcd0a0ae7:jetbrains.mps.lang.context" />
          <language id="l:ea3159bf-f48e-4720-bde2-86dba75f0d34:jetbrains.mps.lang.context.defs" />
          <language id="l:ceab5195-25ea-4f22-9b92-103b95ca8c0c:jetbrains.mps.lang.core" />
          <language id="l:7fa12e9c-b949-4976-b4fa-19accbc320b4:jetbrains.mps.lang.dataFlow" />
          <language id="l:97a52717-898f-4598-8150-573d9fd03868:jetbrains.mps.lang.dataFlow.analyzers" />
          <language id="l:f4ad079d-bc71-4ffb-9600-9328705cf998:jetbrains.mps.lang.descriptor" />
          <language id="l:18bc6592-03a6-4e29-a83a-7ff23bde13ba:jetbrains.mps.lang.editor" />
          <language id="l:cd17a113-ca4e-472f-a8de-c49008f9eea8:jetbrains.mps.lang.feedback" />
          <language id="l:16e76fe3-9534-4def-afb7-925a169a7c0b:jetbrains.mps.lang.feedback.messages" />
          <language id="l:033598a4-76a9-47e1-ac89-a300c0fceab8:jetbrains.mps.lang.feedback.problem" />
          <language id="l:db2a46c2-ebec-4b6c-b6c2-f9b55b9b6f8a:jetbrains.mps.lang.feedback.problem.failingRule" />
          <language id="l:517077fd-e44f-4338-a475-1d29781dfdb8:jetbrains.mps.lang.feedback.skeleton" />
          <language id="l:64d34fcd-ad02-4e73-aff8-a581124c2e30:jetbrains.mps.lang.findUsages" />
          <language id="l:b401a680-8325-4110-8fd3-84331ff25bef:jetbrains.mps.lang.generator" />
          <language id="l:d7706f63-9be2-479c-a3da-ae92af1e64d5:jetbrains.mps.lang.generator.generationContext" />
          <language id="l:d7a92d38-f7db-40d0-8431-763b0c3c9f20:jetbrains.mps.lang.intentions" />
          <language id="l:ad93155d-79b2-4759-b10c-55123e763903:jetbrains.mps.lang.messages" />
          <language id="l:d4615e3b-d671-4ba9-af01-2b78369b0ba7:jetbrains.mps.lang.pattern" />
          <language id="l:3a13115c-633c-4c5c-bbcc-75c4219e9555:jetbrains.mps.lang.quotation" />
          <language id="l:3ecd7c84-cde3-45de-886c-135ecc69b742:jetbrains.mps.lang.refactoring" />
          <language id="l:982eb8df-2c96-4bd7-9963-11712ea622e5:jetbrains.mps.lang.resources" />
          <language id="l:b3551702-269c-4f05-ba61-58060cef4292:jetbrains.mps.lang.rulesAndMessages" />
          <language id="l:d8f591ec-4d86-4af2-9f92-a9e93c803ffa:jetbrains.mps.lang.scopes" />
          <language id="l:0eddeefa-c2d6-4437-bc2c-de50fd4ce470:jetbrains.mps.lang.script" />
          <language id="l:13744753-c81f-424a-9c1b-cf8943bf4e86:jetbrains.mps.lang.sharedConcepts" />
          <language id="l:69b8a993-9b87-4d96-bf0c-3559f4bb0c63:jetbrains.mps.lang.slanguage" />
          <language id="l:7866978e-a0f0-4cc7-81bc-4d213d9375e1:jetbrains.mps.lang.smodel" />
          <language id="l:c72da2b9-7cce-4447-8389-f407dc1158b7:jetbrains.mps.lang.structure" />
          <language id="l:c7fb639f-be78-4307-89b0-b5959c3fa8c8:jetbrains.mps.lang.text" />
          <language id="l:b83431fe-5c8f-40bc-8a36-65e25f4dd253:jetbrains.mps.lang.textGen" />
          <language id="l:7a5dda62-9140-4668-ab76-d5ed1746f2b2:jetbrains.mps.lang.typesystem" />
        </uses>
        <classpath>
          <entry path="." />
        </classpath>
        <sources jar="SoftwarePlatforms-src.jar" descriptor="SoftwarePlatforms.mpl" />
      </module>
    </echoxml>
    <jar destfile="${build.tmp}/default/dimensions.zip/cosmo.dimensions/languages/dimensions/SoftwarePlatforms.jar" duplicate="preserve">
      <fileset dir="${build.tmp}/java/out/SoftwarePlatforms" />
      <fileset dir="${basedir}/languages/SoftwarePlatforms" includes="icons/**, resources/**" />
      <fileset dir="${basedir}/languages/SoftwarePlatforms/source_gen" includes="**/trace.info, **/exports, **/*.mps, **/checkpoints" />
      <fileset dir="${build.tmp}/default/SoftwarePlatforms.jar" />
    </jar>
    <copyModels todir="${build.tmp}/customProcessors/copyModels/languages-SoftwarePlatforms-models">
      <fileset dir="${basedir}/languages/SoftwarePlatforms/models" includes="**/*.mps, **/*.mpsr, **/.model" />
    </copyModels>
    <jar destfile="${build.tmp}/default/dimensions.zip/cosmo.dimensions/languages/dimensions/SoftwarePlatforms-src.jar" duplicate="preserve">
      <fileset dir="${basedir}/languages/SoftwarePlatforms/source_gen">
        <exclude name="**/trace.info" />
        <exclude name="**/exports" />
        <exclude name="**/checkpoints" />
        <exclude name="**/*.mps" />
      </fileset>
      <zipfileset file="${basedir}/languages/SoftwarePlatforms/SoftwarePlatforms.mpl" prefix="module" />
      <zipfileset dir="${build.tmp}/customProcessors/copyModels/languages-SoftwarePlatforms-models" prefix="module/models" />
    </jar>
    <mkdir dir="${build.tmp}/default/Capabilities.jar" />
    <mkdir dir="${build.tmp}/default/Capabilities.jar/META-INF" />
    <echoxml file="${build.tmp}/default/Capabilities.jar/META-INF/module.xml">
      <module namespace="Capabilities" type="language" uuid="4cc07462-84b3-4d01-8adb-629ddd3cebd4">
        <dependencies>
          <module ref="6354ebe7-c22a-4a0f-ac54-50b52ab9b065(JDK)" kind="rt" />
          <module ref="6ed54515-acc8-4d1e-a16c-9fd6cfe951ea(MPS.Core)" kind="rt" />
          <module ref="1ed103c3-3aa6-49b7-9c21-6765ee11f224(MPS.Editor)" kind="rt" />
          <module ref="215c4c45-ba99-49f5-9ab7-4b6901a63cfd(MPS.Generator)" kind="rt" />
          <module ref="8865b7a8-5271-43d3-884c-6fd1d9cfdd34(MPS.OpenAPI)" kind="rt" />
          <module ref="742f6602-5a2f-4313-aa6e-ae1cd4ffdc61(MPS.Platform)" kind="rt" />
          <module ref="7124e466-fc92-4803-a656-d7a6b7eb3910(MPS.TextGen)" kind="rt" />
          <module ref="4c6a28d1-2c60-478d-b36e-db9b3cbb21fb(closures.runtime)" kind="rt" />
          <module ref="9b80526e-f0bf-4992-bdf5-cee39c1833f3(collections.runtime)" kind="rt" />
          <module ref="af19274f-5f89-42dd-8f3c-c9932448f7f2(jetbrains.mps.analyzers.runtime)" kind="rt" />
          <module ref="a3e4657f-a76c-45bb-bbda-c764596ecc65(jetbrains.mps.baseLanguage.logging.runtime)" kind="rt" />
          <module ref="52b81ac7-93fd-4e9e-b972-4995882da6d4(jetbrains.mps.baseLanguage.references.runtime)" kind="rt" />
          <module ref="d44dab97-aaac-44cb-9745-8a14db674c03(jetbrains.mps.baseLanguage.tuples.runtime)" kind="rt" />
          <module ref="2af156ab-65c1-4a62-bd0d-ea734f71eab6(jetbrains.mps.dataFlow.runtime)" kind="rt" />
          <module ref="34e84b8f-afa8-4364-abcd-a279fddddbe7(jetbrains.mps.editor.runtime)" kind="rt" />
          <module ref="d936855b-48da-4812-a8a0-2bfddd633ac5(jetbrains.mps.lang.behavior.api)" kind="rt" />
          <module ref="d936855b-48da-4812-a8a0-2bfddd633ac4(jetbrains.mps.lang.behavior.runtime)" kind="rt" />
          <module ref="8e98f4e2-decf-4e97-bf80-9109e8b759ee(jetbrains.mps.lang.constraints.rules.runtime)" kind="rt" />
          <module ref="9e9ef4e2-decf-4e97-bf80-9109e8b759bb(jetbrains.mps.lang.feedback.api)" kind="rt" />
          <module ref="3f98f4e2-decf-4e97-bf80-9109e8b759ab(jetbrains.mps.lang.feedback.problem.rt)" kind="rt" />
          <module ref="0a98f3e2-decf-4e97-bf80-9109eccc59bb(jetbrains.mps.lang.feedback.problem.rules)" kind="rt" />
          <module ref="9abaaae2-decf-4e97-bf80-9109e8b759cc(jetbrains.mps.lang.messages.api)" kind="rt" />
          <module ref="d7eb0a2a-bd50-4576-beae-e4a89db35f20(jetbrains.mps.lang.scopes.runtime)" kind="rt" />
          <module ref="31f56055-9d30-42b3-a2b1-fb3f554d7075(jetbrains.mps.lang.smodel.query.runtime)" kind="rt" />
          <module ref="8fe4c62a-2020-4ff4-8eda-f322a55bdc9f(jetbrains.mps.refactoring.runtime)" kind="rt" />
          <module ref="9a4afe51-f114-4595-b5df-048ce3c596be(jetbrains.mps.runtime)" kind="rt" />
          <module ref="ceab5195-25ea-4f22-9b92-103b95ca8c0c(jetbrains.mps.lang.core)" kind="cl" />
          <module ref="a9e4c532-c5f5-4bb7-99ef-42abb73bbb70(jetbrains.mps.lang.descriptor.aspects)" kind="cl" />
        </dependencies>
        <uses>
          <language id="l:f3061a53-9226-4cc5-a443-f952ceaf5816:jetbrains.mps.baseLanguage" />
          <language id="l:774bf8a0-62e5-41e1-af63-f4812e60e48b:jetbrains.mps.baseLanguage.checkedDots" />
          <language id="l:443f4c36-fcf5-4eb6-9500-8d06ed259e3e:jetbrains.mps.baseLanguage.classifiers" />
          <language id="l:fd392034-7849-419d-9071-12563d152375:jetbrains.mps.baseLanguage.closures" />
          <language id="l:83888646-71ce-4f1c-9c53-c54016f6ad4f:jetbrains.mps.baseLanguage.collections" />
          <language id="l:f2801650-65d5-424e-bb1b-463a8781b786:jetbrains.mps.baseLanguage.javadoc" />
          <language id="l:96ee7a94-411d-4cf8-9b94-96cad7e52411:jetbrains.mps.baseLanguage.jdk7" />
          <language id="l:760a0a8c-eabb-4521-8bfd-65db761a9ba3:jetbrains.mps.baseLanguage.logging" />
          <language id="l:a247e09e-2435-45ba-b8d2-07e93feba96a:jetbrains.mps.baseLanguage.tuples" />
          <language id="l:515552c7-fcc0-4ab4-9789-2f3c49344e85:jetbrains.mps.baseLanguage.varVariable" />
          <language id="l:df345b11-b8c7-4213-ac66-48d2a9b75d88:jetbrains.mps.baseLanguageInternal" />
          <language id="l:aee9cad2-acd4-4608-aef2-0004f6a1cdbd:jetbrains.mps.lang.actions" />
          <language id="l:af65afd8-f0dd-4942-87d9-63a55f2a9db1:jetbrains.mps.lang.behavior" />
          <language id="l:3f4bc5f5-c6c1-4a28-8b10-c83066ffa4a1:jetbrains.mps.lang.constraints" />
          <language id="l:e51810c5-7308-4642-bcb6-469e61b5dd18:jetbrains.mps.lang.constraints.msg.specification" />
          <language id="l:47257bf3-78d3-470b-89d9-8c3261a61d15:jetbrains.mps.lang.constraints.rules" />
          <language id="l:5dae8159-ab99-46bb-a40d-0cee30ee7018:jetbrains.mps.lang.constraints.rules.kinds" />
          <language id="l:134c38d4-e3af-4d9e-b069-1c7df0a4005d:jetbrains.mps.lang.constraints.rules.skeleton" />
          <language id="l:3ad5badc-1d9c-461c-b7b1-fa2fcd0a0ae7:jetbrains.mps.lang.context" />
          <language id="l:ea3159bf-f48e-4720-bde2-86dba75f0d34:jetbrains.mps.lang.context.defs" />
          <language id="l:ceab5195-25ea-4f22-9b92-103b95ca8c0c:jetbrains.mps.lang.core" />
          <language id="l:7fa12e9c-b949-4976-b4fa-19accbc320b4:jetbrains.mps.lang.dataFlow" />
          <language id="l:97a52717-898f-4598-8150-573d9fd03868:jetbrains.mps.lang.dataFlow.analyzers" />
          <language id="l:f4ad079d-bc71-4ffb-9600-9328705cf998:jetbrains.mps.lang.descriptor" />
          <language id="l:18bc6592-03a6-4e29-a83a-7ff23bde13ba:jetbrains.mps.lang.editor" />
          <language id="l:cd17a113-ca4e-472f-a8de-c49008f9eea8:jetbrains.mps.lang.feedback" />
          <language id="l:16e76fe3-9534-4def-afb7-925a169a7c0b:jetbrains.mps.lang.feedback.messages" />
          <language id="l:033598a4-76a9-47e1-ac89-a300c0fceab8:jetbrains.mps.lang.feedback.problem" />
          <language id="l:db2a46c2-ebec-4b6c-b6c2-f9b55b9b6f8a:jetbrains.mps.lang.feedback.problem.failingRule" />
          <language id="l:517077fd-e44f-4338-a475-1d29781dfdb8:jetbrains.mps.lang.feedback.skeleton" />
          <language id="l:64d34fcd-ad02-4e73-aff8-a581124c2e30:jetbrains.mps.lang.findUsages" />
          <language id="l:b401a680-8325-4110-8fd3-84331ff25bef:jetbrains.mps.lang.generator" />
          <language id="l:d7706f63-9be2-479c-a3da-ae92af1e64d5:jetbrains.mps.lang.generator.generationContext" />
          <language id="l:d7a92d38-f7db-40d0-8431-763b0c3c9f20:jetbrains.mps.lang.intentions" />
          <language id="l:ad93155d-79b2-4759-b10c-55123e763903:jetbrains.mps.lang.messages" />
          <language id="l:d4615e3b-d671-4ba9-af01-2b78369b0ba7:jetbrains.mps.lang.pattern" />
          <language id="l:3a13115c-633c-4c5c-bbcc-75c4219e9555:jetbrains.mps.lang.quotation" />
          <language id="l:3ecd7c84-cde3-45de-886c-135ecc69b742:jetbrains.mps.lang.refactoring" />
          <language id="l:982eb8df-2c96-4bd7-9963-11712ea622e5:jetbrains.mps.lang.resources" />
          <language id="l:b3551702-269c-4f05-ba61-58060cef4292:jetbrains.mps.lang.rulesAndMessages" />
          <language id="l:d8f591ec-4d86-4af2-9f92-a9e93c803ffa:jetbrains.mps.lang.scopes" />
          <language id="l:0eddeefa-c2d6-4437-bc2c-de50fd4ce470:jetbrains.mps.lang.script" />
          <language id="l:13744753-c81f-424a-9c1b-cf8943bf4e86:jetbrains.mps.lang.sharedConcepts" />
          <language id="l:69b8a993-9b87-4d96-bf0c-3559f4bb0c63:jetbrains.mps.lang.slanguage" />
          <language id="l:7866978e-a0f0-4cc7-81bc-4d213d9375e1:jetbrains.mps.lang.smodel" />
          <language id="l:c72da2b9-7cce-4447-8389-f407dc1158b7:jetbrains.mps.lang.structure" />
          <language id="l:c7fb639f-be78-4307-89b0-b5959c3fa8c8:jetbrains.mps.lang.text" />
          <language id="l:b83431fe-5c8f-40bc-8a36-65e25f4dd253:jetbrains.mps.lang.textGen" />
          <language id="l:7a5dda62-9140-4668-ab76-d5ed1746f2b2:jetbrains.mps.lang.typesystem" />
        </uses>
        <classpath>
          <entry path="." />
        </classpath>
        <sources jar="Capabilities-src.jar" descriptor="Capabilities.mpl" />
      </module>
    </echoxml>
    <jar destfile="${build.tmp}/default/dimensions.zip/cosmo.dimensions/languages/dimensions/Capabilities.jar" duplicate="preserve">
      <fileset dir="${build.tmp}/java/out/Capabilities" />
      <fileset dir="${basedir}/languages/Capabilities" includes="icons/**, resources/**" />
      <fileset dir="${basedir}/languages/Capabilities/source_gen" includes="**/trace.info, **/exports, **/*.mps, **/checkpoints" />
      <fileset dir="${build.tmp}/default/Capabilities.jar" />
    </jar>
    <copyModels todir="${build.tmp}/customProcessors/copyModels/languages-Capabilities-models">
      <fileset dir="${basedir}/languages/Capabilities/models" includes="**/*.mps, **/*.mpsr, **/.model" />
    </copyModels>
    <jar destfile="${build.tmp}/default/dimensions.zip/cosmo.dimensions/languages/dimensions/Capabilities-src.jar" duplicate="preserve">
      <fileset dir="${basedir}/languages/Capabilities/source_gen">
        <exclude name="**/trace.info" />
        <exclude name="**/exports" />
        <exclude name="**/checkpoints" />
        <exclude name="**/*.mps" />
      </fileset>
      <zipfileset file="${basedir}/languages/Capabilities/Capabilities.mpl" prefix="module" />
      <zipfileset dir="${build.tmp}/customProcessors/copyModels/languages-Capabilities-models" prefix="module/models" />
    </jar>
    <zip destfile="${build.layout}/dimensions.zip">
      <fileset dir="${build.tmp}/default/dimensions.zip" />
    </zip>
    <echo file="${build.layout}/build.properties">dimensions.current_version=${current_version}${line.separator}mps.build.number=${mps.build.number}${line.separator}mps.date=${mps.date}${line.separator}mps.build.vcs.number=${mps.build.vcs.number}${line.separator}mps.teamcity.buildConfName=${mps.teamcity.buildConfName}${line.separator}mps.idea.platform.build.number=${mps.idea.platform.build.number}${line.separator}mps.mps.build.counter=${mps.mps.build.counter}${line.separator}mpsBootstrapCore.version.major=${mpsBootstrapCore.version.major}${line.separator}mpsBootstrapCore.version.minor=${mpsBootstrapCore.version.minor}${line.separator}mpsBootstrapCore.version.bugfixNr=${mpsBootstrapCore.version.bugfixNr}${line.separator}mpsBootstrapCore.version.eap=${mpsBootstrapCore.version.eap}${line.separator}mpsBootstrapCore.version=${mpsBootstrapCore.version}${line.separator}KinematicChains.current_version=${KinematicChains.current_version}</echo>
  </target>
  
  <target name="buildDependents" />
  
  <target name="fetchDependencies" />
  
  <target name="build" depends="assemble" />
  
  <target name="clean">
    <delete dir="${build.tmp}" />
    <delete dir="${build.layout}" />
  </target>
  
  <target name="compileJava" depends="java.compile.HardwarePlatforms, java.compile.SoftwarePlatforms, java.compile.Capabilities, java.compile.cosmo.dimensions.build" />
  
  <target name="processResources" />
  
  <target name="classes" depends="compileJava, processResources" />
  
  <target name="test" depends="classes" />
  
  <target name="check" depends="test" />
  
  <target name="generate" depends="declare-mps-tasks, fetchDependencies">
    <echo message="generating" />
    <generate fork="true" logLevel="${mps.ant.log}">      
      <settings refid="m2m-defaults" />
      <plugin path="${artifacts.mps}/plugins/mps-build" />
      <plugin path="${artifacts.mps}/plugins/mps-core" />
      <plugin path="${build.tmp}/deps/KinematicChains/KinematicChains.zip/KinematicChains" />
      <library file="${artifacts.mps}/languages/baseLanguage/closures.runtime.jar" />
      <library file="${artifacts.mps}/languages/baseLanguage/collections.runtime.jar" />
      <library file="${artifacts.mps}/languages/baseLanguage/jetbrains.mps.baseLanguage.blTypes.jar" />
      <library file="${artifacts.mps}/languages/baseLanguage/jetbrains.mps.baseLanguage.checkedDots.jar" />
      <library file="${artifacts.mps}/languages/baseLanguage/jetbrains.mps.baseLanguage.classifiers.jar" />
      <library file="${artifacts.mps}/languages/baseLanguage/jetbrains.mps.baseLanguage.closures.jar" />
      <library file="${artifacts.mps}/languages/baseLanguage/jetbrains.mps.baseLanguage.collections.jar" />
      <library file="${artifacts.mps}/languages/baseLanguage/jetbrains.mps.baseLanguage.extensionMethods.jar" />
      <library file="${artifacts.mps}/languages/baseLanguage/jetbrains.mps.baseLanguage.jar" />
      <library file="${artifacts.mps}/languages/baseLanguage/jetbrains.mps.baseLanguage.javadoc.jar" />
      <library file="${artifacts.mps}/languages/baseLanguage/jetbrains.mps.baseLanguage.jdk7.jar" />
      <library file="${artifacts.mps}/languages/baseLanguage/jetbrains.mps.baseLanguage.logging.jar" />
      <library file="${artifacts.mps}/languages/baseLanguage/jetbrains.mps.baseLanguage.logging.runtime.jar" />
      <library file="${artifacts.mps}/languages/baseLanguage/jetbrains.mps.baseLanguage.references.runtime.jar" />
      <library file="${artifacts.mps}/languages/baseLanguage/jetbrains.mps.baseLanguage.regexp.jar" />
      <library file="${artifacts.mps}/languages/baseLanguage/jetbrains.mps.baseLanguage.regexp.runtime.jar" />
      <library file="${artifacts.mps}/languages/baseLanguage/jetbrains.mps.baseLanguage.scopes.jar" />
      <library file="${artifacts.mps}/languages/baseLanguage/jetbrains.mps.baseLanguage.tuples.jar" />
      <library file="${artifacts.mps}/languages/baseLanguage/jetbrains.mps.baseLanguage.tuples.runtime.jar" />
      <library file="${artifacts.mps}/languages/baseLanguage/jetbrains.mps.baseLanguage.util.jar" />
      <library file="${artifacts.mps}/languages/baseLanguage/jetbrains.mps.baseLanguage.varVariable.jar" />
      <library file="${artifacts.mps}/languages/baseLanguage/jetbrains.mps.baseLanguageInternal.jar" />
      <library file="${artifacts.mps}/languages/devkits/jetbrains.mps.devkit.aspect.constraints.jar" />
      <library file="${artifacts.mps}/languages/devkits/jetbrains.mps.devkit.aspect.constraints.rules.jar" />
      <library file="${artifacts.mps}/languages/devkits/jetbrains.mps.devkit.aspect.constraints.rulesAndMessages.jar" />
      <library file="${artifacts.mps}/languages/devkits/jetbrains.mps.devkit.aspect.structure.jar" />
      <library file="${artifacts.mps}/languages/devkits/jetbrains.mps.devkit.aspect.typesystem.jar" />
      <library file="${artifacts.mps}/languages/devkits/jetbrains.mps.devkit.bootstrap-languages.jar" />
      <library file="${artifacts.mps}/languages/devkits/jetbrains.mps.devkit.general-purpose.jar" />
      <library file="${artifacts.mps}/languages/devkits/jetbrains.mps.devkit.language-descriptor.jar" />
      <library file="${artifacts.mps}/languages/devkits/jetbrains.mps.devkit.language-design.jar" />
      <library file="${artifacts.mps}/languages/editor/jetbrains.mps.editing.runtime.jar" />
      <library file="${artifacts.mps}/languages/editor/jetbrains.mps.editor.runtime.jar" />
      <library file="${artifacts.mps}/languages/editor/jetbrains.mps.editorlang.runtime.jar" />
      <library file="${artifacts.mps}/languages/editor/jetbrains.mps.ide.editor.jar" />
      <library file="${artifacts.mps}/languages/editor/typesystemIntegration.jar" />
      <library file="${artifacts.mps}/languages/languageDesign/jetbrains.mps.baseLanguage.lightweightdsl.jar" />
      <library file="${artifacts.mps}/languages/languageDesign/jetbrains.mps.lang.actions.jar" />
      <library file="${artifacts.mps}/languages/languageDesign/jetbrains.mps.lang.aspect.jar" />
      <library file="${artifacts.mps}/languages/languageDesign/jetbrains.mps.lang.behavior.jar" />
      <library file="${artifacts.mps}/languages/languageDesign/jetbrains.mps.lang.checkedName.jar" />
      <library file="${artifacts.mps}/languages/languageDesign/jetbrains.mps.lang.constraints.jar" />
      <library file="${artifacts.mps}/languages/languageDesign/jetbrains.mps.lang.constraints.msg.specification.jar" />
      <library file="${artifacts.mps}/languages/languageDesign/jetbrains.mps.lang.constraints.rules.jar" />
      <library file="${artifacts.mps}/languages/languageDesign/jetbrains.mps.lang.constraints.rules.kinds.jar" />
      <library file="${artifacts.mps}/languages/languageDesign/jetbrains.mps.lang.constraints.rules.skeleton.jar" />
      <library file="${artifacts.mps}/languages/languageDesign/jetbrains.mps.lang.context.defs.jar" />
      <library file="${artifacts.mps}/languages/languageDesign/jetbrains.mps.lang.context.jar" />
      <library file="${artifacts.mps}/languages/languageDesign/jetbrains.mps.lang.core.jar" />
      <library file="${artifacts.mps}/languages/languageDesign/jetbrains.mps.lang.dataFlow.analyzers.jar" />
      <library file="${artifacts.mps}/languages/languageDesign/jetbrains.mps.lang.dataFlow.jar" />
      <library file="${artifacts.mps}/languages/languageDesign/jetbrains.mps.lang.descriptor.aspects.jar" />
      <library file="${artifacts.mps}/languages/languageDesign/jetbrains.mps.lang.descriptor.jar" />
      <library file="${artifacts.mps}/languages/languageDesign/jetbrains.mps.lang.editor.jar" />
      <library file="${artifacts.mps}/languages/languageDesign/jetbrains.mps.lang.feedback.jar" />
      <library file="${artifacts.mps}/languages/languageDesign/jetbrains.mps.lang.feedback.messages.jar" />
      <library file="${artifacts.mps}/languages/languageDesign/jetbrains.mps.lang.feedback.problem.childAndProp.jar" />
      <library file="${artifacts.mps}/languages/languageDesign/jetbrains.mps.lang.feedback.problem.failingRule.jar" />
      <library file="${artifacts.mps}/languages/languageDesign/jetbrains.mps.lang.feedback.problem.jar" />
      <library file="${artifacts.mps}/languages/languageDesign/jetbrains.mps.lang.feedback.problem.scopes.jar" />
      <library file="${artifacts.mps}/languages/languageDesign/jetbrains.mps.lang.feedback.skeleton.jar" />
      <library file="${artifacts.mps}/languages/languageDesign/jetbrains.mps.lang.findUsages.jar" />
      <library file="${artifacts.mps}/languages/languageDesign/jetbrains.mps.lang.generator.generationContext.jar" />
      <library file="${artifacts.mps}/languages/languageDesign/jetbrains.mps.lang.generator.jar" />
      <library file="${artifacts.mps}/languages/languageDesign/jetbrains.mps.lang.intentions.jar" />
      <library file="${artifacts.mps}/languages/languageDesign/jetbrains.mps.lang.messages.jar" />
      <library file="${artifacts.mps}/languages/languageDesign/jetbrains.mps.lang.migration.jar" />
      <library file="${artifacts.mps}/languages/languageDesign/jetbrains.mps.lang.modelapi.jar" />
      <library file="${artifacts.mps}/languages/languageDesign/jetbrains.mps.lang.pattern.jar" />
      <library file="${artifacts.mps}/languages/languageDesign/jetbrains.mps.lang.plugin.jar" />
      <library file="${artifacts.mps}/languages/languageDesign/jetbrains.mps.lang.project.jar" />
      <library file="${artifacts.mps}/languages/languageDesign/jetbrains.mps.lang.quotation.jar" />
      <library file="${artifacts.mps}/languages/languageDesign/jetbrains.mps.lang.refactoring.jar" />
      <library file="${artifacts.mps}/languages/languageDesign/jetbrains.mps.lang.resources.jar" />
      <library file="${artifacts.mps}/languages/languageDesign/jetbrains.mps.lang.rulesAndMessages.jar" />
      <library file="${artifacts.mps}/languages/languageDesign/jetbrains.mps.lang.scopes.jar" />
      <library file="${artifacts.mps}/languages/languageDesign/jetbrains.mps.lang.scopes.runtime.jar" />
      <library file="${artifacts.mps}/languages/languageDesign/jetbrains.mps.lang.script.jar" />
      <library file="${artifacts.mps}/languages/languageDesign/jetbrains.mps.lang.sharedConcepts.jar" />
      <library file="${artifacts.mps}/languages/languageDesign/jetbrains.mps.lang.slanguage.jar" />
      <library file="${artifacts.mps}/languages/languageDesign/jetbrains.mps.lang.smodel.jar" />
      <library file="${artifacts.mps}/languages/languageDesign/jetbrains.mps.lang.smodel.query.jar" />
      <library file="${artifacts.mps}/languages/languageDesign/jetbrains.mps.lang.structure.jar" />
      <library file="${artifacts.mps}/languages/languageDesign/jetbrains.mps.lang.textGen.jar" />
      <library file="${artifacts.mps}/languages/languageDesign/jetbrains.mps.lang.traceable.jar" />
      <library file="${artifacts.mps}/languages/languageDesign/jetbrains.mps.lang.typesystem.jar" />
      <library file="${artifacts.mps}/languages/languageDesign/jetbrains.mps.lang.util.order.jar" />
      <library file="${artifacts.mps}/languages/languageDesign/jetbrains.mps.refactoring.participant.jar" />
      <library file="${artifacts.mps}/languages/languageDesign/jetbrains.mps.typesystemEngine.jar" />
      <library file="${artifacts.mps}/languages/make/jetbrains.mps.make.facets.jar" />
      <library file="${artifacts.mps}/languages/make/jetbrains.mps.make.jar" />
      <library file="${artifacts.mps}/languages/make/jetbrains.mps.make.runtime.jar" />
      <library file="${artifacts.mps}/languages/make/jetbrains.mps.smodel.resources.jar" />
      <library file="${artifacts.mps}/languages/mps-stubs.jar" />
      <library file="${artifacts.mps}/languages/plaf/jetbrains.mps.baseLanguage.search.jar" />
      <library file="${artifacts.mps}/languages/plaf/jetbrains.mps.ide.platform.jar" />
      <library file="${artifacts.mps}/languages/plaf/jetbrains.mps.ide.refactoring.platform.jar" />
      <library file="${artifacts.mps}/languages/runtimes/jetbrains.mps.analyzers.runtime.jar" />
      <library file="${artifacts.mps}/languages/runtimes/jetbrains.mps.dataFlow.runtime.jar" />
      <library file="${artifacts.mps}/languages/runtimes/jetbrains.mps.findUsages.runtime.jar" />
      <library file="${artifacts.mps}/languages/runtimes/jetbrains.mps.lang.behavior.api.jar" />
      <library file="${artifacts.mps}/languages/runtimes/jetbrains.mps.lang.behavior.runtime.jar" />
      <library file="${artifacts.mps}/languages/runtimes/jetbrains.mps.lang.constraints.rules.runtime.jar" />
      <library file="${artifacts.mps}/languages/runtimes/jetbrains.mps.lang.feedback.api.jar" />
      <library file="${artifacts.mps}/languages/runtimes/jetbrains.mps.lang.feedback.context.jar" />
      <library file="${artifacts.mps}/languages/runtimes/jetbrains.mps.lang.feedback.problem.legacy-constraints.jar" />
      <library file="${artifacts.mps}/languages/runtimes/jetbrains.mps.lang.feedback.problem.rt.jar" />
      <library file="${artifacts.mps}/languages/runtimes/jetbrains.mps.lang.feedback.problem.rules.jar" />
      <library file="${artifacts.mps}/languages/runtimes/jetbrains.mps.lang.messages.api.jar" />
      <library file="${artifacts.mps}/languages/runtimes/jetbrains.mps.lang.migration.runtime.jar" />
      <library file="${artifacts.mps}/languages/runtimes/jetbrains.mps.lang.smodel.query.runtime.jar" />
      <library file="${artifacts.mps}/languages/runtimes/jetbrains.mps.refactoring.runtime.jar" />
      <library file="${artifacts.mps}/languages/text/jetbrains.mps.lang.text.jar" />
      <library file="${artifacts.mps}/languages/tools/jetbrains.mps.core.tool.environment.jar" />
      <library file="${artifacts.mps}/languages/tools/jetbrains.mps.tool.common.jar" />
      <library file="${artifacts.mps}/languages/util/jetbrains.mps.java.stub.jar" />
      <library file="${artifacts.mps}/languages/util/jetbrains.mps.kernel.jar" />
      <library file="${artifacts.mps}/languages/util/jetbrains.mps.lang.makeup.jar" />
      <library file="${artifacts.mps}/languages/util/jetbrains.mps.project.jar" />
      <library file="${artifacts.mps}/languages/util/jetbrains.mps.refactoring.jar" />
      <library file="${artifacts.mps}/languages/util/jetbrains.mps.runtime.jar" />
      <library file="${artifacts.mps}/languages/xml/jetbrains.mps.core.xml.jar" />
      <library file="${build.tmp}/deps/KinematicChains/KinematicChains.zip/KinematicChains.build.jar" />
      <chunk>
        <module file="${basedir}/languages/Capabilities/Capabilities.mpl" />
        <module file="${basedir}/languages/HardwarePlatforms/HardwarePlatforms.mpl" />
        <module file="${basedir}/languages/SoftwarePlatforms/SoftwarePlatforms.mpl" />
        <module file="${basedir}/solutions/cosmo.dimensions.build/cosmo.dimensions.build.msd" />
      </chunk>
      <jvmargs>
        <arg value="-ea" />
        <arg value="-Xmx512m" />
        <arg value="--add-opens=jdk.compiler/com.sun.tools.javac.api=ALL-UNNAMED" />
      </jvmargs>
      <macro name="mps_home" path="${mps_home}" />
      <macro name="kinematics_home" path="${kinematics_home}" />
    </generate>
  </target>
  
  <target name="declare-mps-tasks" />
  
  <target name="makeDependents" />
  
  <target name="java.compile.HardwarePlatforms" depends="java.compile.Capabilities, fetchDependencies">
    <mkdir dir="${basedir}/languages/HardwarePlatforms/source_gen" />
    <mkdir dir="${build.tmp}/java/out/HardwarePlatforms" />
    <javac destdir="${build.tmp}/java/out/HardwarePlatforms" fork="true" encoding="utf8" includeantruntime="false" debug="true">
      <compilerarg value="-Xlint:none" />
      <src>
        <path location="${basedir}/languages/HardwarePlatforms/source_gen" />
      </src>
      <classpath>
        <fileset file="${artifacts.mps}/lib/mps-core.jar" />
        <fileset file="${artifacts.mps}/lib/mps-annotations.jar" />
        <fileset file="${artifacts.mps}/lib/mps-openapi.jar" />
        <fileset file="${artifacts.mps}/lib/mps-context.jar" />
        <fileset file="${artifacts.mps}/lib/mps-constraints-runtime.jar" />
        <fileset file="${artifacts.mps}/lib/mps-problem.jar" />
        <fileset file="${artifacts.mps}/lib/mps-feedback-api.jar" />
        <fileset file="${artifacts.mps}/lib/mps-platform.jar" />
        <fileset file="${artifacts.mps}/lib/mps-messages-api.jar" />
        <fileset file="${artifacts.mps}/lib/mps-messages-for-rules.jar" />
        <fileset file="${artifacts.mps}/lib/mps-behavior-api.jar" />
        <fileset file="${artifacts.mps}/lib/mps-behavior-runtime.jar" />
        <fileset file="${artifacts.mps}/lib/mps-closures.jar" />
        <fileset file="${artifacts.mps}/lib/mps-collections.jar" />
        <fileset file="${artifacts.mps}/lib/mps-logging.jar" />
        <fileset file="${artifacts.mps}/lib/mps-tuples.jar" />
        <fileset file="${artifacts.mps}/lib/mps-references.jar" />
        <fileset file="${artifacts.mps}/lib/mps-messaging.jar" />
        <fileset file="${artifacts.mps}/lib/mps-editor.jar" />
        <fileset file="${artifacts.mps}/lib/mps-editor-api.jar" />
        <fileset file="${artifacts.mps}/lib/mps-editor-runtime.jar" />
        <fileset file="${artifacts.mps}/lib/mps-generator.jar" />
        <fileset file="${artifacts.mps}/lib/mps-persistence.jar" />
        <fileset file="${artifacts.mps}/lib/mps-environment.jar" />
        <fileset file="${artifacts.mps}/lib/mps-project-check.jar" />
        <fileset file="${artifacts.mps}/lib/mps-textgen.jar" />
        <pathelement path="${build.tmp}/java/out/Capabilities" />
        <fileset file="${artifacts.mps}/lib/annotations.jar" />
        <fileset file="${artifacts.mps}/lib/app.jar" />
        <fileset file="${artifacts.mps}/lib/3rd-party-rt.jar" />
        <fileset file="${artifacts.mps}/lib/util.jar" />
        <fileset file="${artifacts.mps}/lib/util_rt.jar" />
        <fileset file="${artifacts.mps}/lib/forms_rt.jar" />
        <fileset file="${artifacts.mps}/lib/java-impl.jar" />
        <fileset file="${artifacts.mps}/lib/jps-model.jar" />
        <fileset file="${artifacts.mps}/lib/testFramework.jar" />
        <fileset file="${artifacts.mps}/lib/stats.jar" />
        <fileset file="${build.tmp}/deps/KinematicChains/KinematicChains.zip/KinematicChains/languages/KinematicChains/KinematicChains.jar" />
        <fileset file="${artifacts.mps}/languages/runtimes/jetbrains.mps.analyzers.runtime.jar" />
        <fileset file="${artifacts.mps}/languages/baseLanguage/jetbrains.mps.baseLanguage.logging.runtime.jar" />
        <fileset file="${artifacts.mps}/languages/languageDesign/jetbrains.mps.lang.core.jar" />
        <fileset file="${artifacts.mps}/languages/languageDesign/jetbrains.mps.lang.descriptor.aspects.jar" />
        <fileset file="${artifacts.mps}/languages/languageDesign/jetbrains.mps.lang.scopes.runtime.jar" />
        <fileset file="${artifacts.mps}/languages/runtimes/jetbrains.mps.lang.smodel.query.runtime.jar" />
        <fileset file="${build.tmp}/deps/KinematicChains/KinematicChains.zip/KinematicChains/languages/KinematicChains/lib/jdom-2.0.6.jar" />
      </classpath>
    </javac>
  </target>
  
  <target name="java.compile.SoftwarePlatforms" depends="java.compile.Capabilities, fetchDependencies">
    <mkdir dir="${basedir}/languages/SoftwarePlatforms/source_gen" />
    <mkdir dir="${build.tmp}/java/out/SoftwarePlatforms" />
    <javac destdir="${build.tmp}/java/out/SoftwarePlatforms" fork="true" encoding="utf8" includeantruntime="false" debug="true">
      <compilerarg value="-Xlint:none" />
      <src>
        <path location="${basedir}/languages/SoftwarePlatforms/source_gen" />
      </src>
      <classpath>
        <fileset file="${artifacts.mps}/lib/mps-core.jar" />
        <fileset file="${artifacts.mps}/lib/mps-annotations.jar" />
        <fileset file="${artifacts.mps}/lib/mps-openapi.jar" />
        <fileset file="${artifacts.mps}/lib/mps-context.jar" />
        <fileset file="${artifacts.mps}/lib/mps-constraints-runtime.jar" />
        <fileset file="${artifacts.mps}/lib/mps-problem.jar" />
        <fileset file="${artifacts.mps}/lib/mps-feedback-api.jar" />
        <fileset file="${artifacts.mps}/lib/mps-platform.jar" />
        <fileset file="${artifacts.mps}/lib/mps-messages-api.jar" />
        <fileset file="${artifacts.mps}/lib/mps-messages-for-rules.jar" />
        <fileset file="${artifacts.mps}/lib/mps-behavior-api.jar" />
        <fileset file="${artifacts.mps}/lib/mps-behavior-runtime.jar" />
        <fileset file="${artifacts.mps}/lib/mps-closures.jar" />
        <fileset file="${artifacts.mps}/lib/mps-collections.jar" />
        <fileset file="${artifacts.mps}/lib/mps-logging.jar" />
        <fileset file="${artifacts.mps}/lib/mps-tuples.jar" />
        <fileset file="${artifacts.mps}/lib/mps-references.jar" />
        <fileset file="${artifacts.mps}/lib/mps-messaging.jar" />
        <fileset file="${artifacts.mps}/lib/mps-editor.jar" />
        <fileset file="${artifacts.mps}/lib/mps-editor-api.jar" />
        <fileset file="${artifacts.mps}/lib/mps-editor-runtime.jar" />
        <fileset file="${artifacts.mps}/lib/mps-generator.jar" />
        <fileset file="${artifacts.mps}/lib/mps-persistence.jar" />
        <fileset file="${artifacts.mps}/lib/mps-environment.jar" />
        <fileset file="${artifacts.mps}/lib/mps-project-check.jar" />
        <fileset file="${artifacts.mps}/lib/mps-textgen.jar" />
        <pathelement path="${build.tmp}/java/out/Capabilities" />
        <fileset file="${artifacts.mps}/lib/annotations.jar" />
        <fileset file="${artifacts.mps}/lib/app.jar" />
        <fileset file="${artifacts.mps}/lib/3rd-party-rt.jar" />
        <fileset file="${artifacts.mps}/lib/util.jar" />
        <fileset file="${artifacts.mps}/lib/util_rt.jar" />
        <fileset file="${artifacts.mps}/lib/forms_rt.jar" />
        <fileset file="${artifacts.mps}/lib/java-impl.jar" />
        <fileset file="${artifacts.mps}/lib/jps-model.jar" />
        <fileset file="${artifacts.mps}/lib/testFramework.jar" />
        <fileset file="${artifacts.mps}/lib/stats.jar" />
        <fileset file="${artifacts.mps}/languages/runtimes/jetbrains.mps.analyzers.runtime.jar" />
        <fileset file="${artifacts.mps}/languages/baseLanguage/jetbrains.mps.baseLanguage.logging.runtime.jar" />
        <fileset file="${artifacts.mps}/languages/languageDesign/jetbrains.mps.lang.core.jar" />
        <fileset file="${artifacts.mps}/languages/languageDesign/jetbrains.mps.lang.descriptor.aspects.jar" />
        <fileset file="${artifacts.mps}/languages/languageDesign/jetbrains.mps.lang.project.jar" />
        <fileset file="${artifacts.mps}/languages/languageDesign/jetbrains.mps.lang.scopes.runtime.jar" />
        <fileset file="${artifacts.mps}/languages/runtimes/jetbrains.mps.lang.smodel.query.runtime.jar" />
      </classpath>
    </javac>
  </target>
  
  <target name="java.compile.Capabilities" depends="fetchDependencies">
    <mkdir dir="${basedir}/languages/Capabilities/source_gen" />
    <mkdir dir="${build.tmp}/java/out/Capabilities" />
    <javac destdir="${build.tmp}/java/out/Capabilities" fork="true" encoding="utf8" includeantruntime="false" debug="true">
      <compilerarg value="-Xlint:none" />
      <src>
        <path location="${basedir}/languages/Capabilities/source_gen" />
      </src>
      <classpath>
        <fileset file="${artifacts.mps}/lib/mps-core.jar" />
        <fileset file="${artifacts.mps}/lib/mps-annotations.jar" />
        <fileset file="${artifacts.mps}/lib/mps-openapi.jar" />
        <fileset file="${artifacts.mps}/lib/mps-context.jar" />
        <fileset file="${artifacts.mps}/lib/mps-constraints-runtime.jar" />
        <fileset file="${artifacts.mps}/lib/mps-problem.jar" />
        <fileset file="${artifacts.mps}/lib/mps-feedback-api.jar" />
        <fileset file="${artifacts.mps}/lib/mps-platform.jar" />
        <fileset file="${artifacts.mps}/lib/mps-messages-api.jar" />
        <fileset file="${artifacts.mps}/lib/mps-messages-for-rules.jar" />
        <fileset file="${artifacts.mps}/lib/mps-behavior-api.jar" />
        <fileset file="${artifacts.mps}/lib/mps-behavior-runtime.jar" />
        <fileset file="${artifacts.mps}/lib/mps-closures.jar" />
        <fileset file="${artifacts.mps}/lib/mps-collections.jar" />
        <fileset file="${artifacts.mps}/lib/mps-logging.jar" />
        <fileset file="${artifacts.mps}/lib/mps-tuples.jar" />
        <fileset file="${artifacts.mps}/lib/mps-references.jar" />
        <fileset file="${artifacts.mps}/lib/mps-messaging.jar" />
        <fileset file="${artifacts.mps}/lib/mps-editor.jar" />
        <fileset file="${artifacts.mps}/lib/mps-editor-api.jar" />
        <fileset file="${artifacts.mps}/lib/mps-editor-runtime.jar" />
        <fileset file="${artifacts.mps}/lib/mps-generator.jar" />
        <fileset file="${artifacts.mps}/lib/mps-persistence.jar" />
        <fileset file="${artifacts.mps}/lib/mps-environment.jar" />
        <fileset file="${artifacts.mps}/lib/mps-project-check.jar" />
        <fileset file="${artifacts.mps}/lib/mps-textgen.jar" />
        <fileset file="${artifacts.mps}/lib/annotations.jar" />
        <fileset file="${artifacts.mps}/lib/app.jar" />
        <fileset file="${artifacts.mps}/lib/3rd-party-rt.jar" />
        <fileset file="${artifacts.mps}/lib/util.jar" />
        <fileset file="${artifacts.mps}/lib/util_rt.jar" />
        <fileset file="${artifacts.mps}/lib/forms_rt.jar" />
        <fileset file="${artifacts.mps}/lib/java-impl.jar" />
        <fileset file="${artifacts.mps}/lib/jps-model.jar" />
        <fileset file="${artifacts.mps}/lib/testFramework.jar" />
        <fileset file="${artifacts.mps}/lib/stats.jar" />
        <fileset file="${artifacts.mps}/languages/runtimes/jetbrains.mps.analyzers.runtime.jar" />
        <fileset file="${artifacts.mps}/languages/baseLanguage/jetbrains.mps.baseLanguage.logging.runtime.jar" />
        <fileset file="${artifacts.mps}/languages/languageDesign/jetbrains.mps.lang.core.jar" />
        <fileset file="${artifacts.mps}/languages/languageDesign/jetbrains.mps.lang.descriptor.aspects.jar" />
        <fileset file="${artifacts.mps}/languages/languageDesign/jetbrains.mps.lang.scopes.runtime.jar" />
        <fileset file="${artifacts.mps}/languages/runtimes/jetbrains.mps.lang.smodel.query.runtime.jar" />
      </classpath>
    </javac>
  </target>
  
  <target name="java.compile.cosmo.dimensions.build">
    <mkdir dir="${basedir}/solutions/cosmo.dimensions.build/source_gen" />
    <mkdir dir="${build.tmp}/java/out/cosmo.dimensions.build" />
    <javac destdir="${build.tmp}/java/out/cosmo.dimensions.build" fork="true" encoding="utf8" includeantruntime="false" debug="true">
      <compilerarg value="-Xlint:none" />
      <src>
        <path location="${basedir}/solutions/cosmo.dimensions.build/source_gen" />
      </src>
      <classpath>
        <fileset file="${build.tmp}/deps/KinematicChains/KinematicChains.zip/KinematicChains.build.jar" />
      </classpath>
    </javac>
  </target>
  
  <target name="cleanSources">
    <delete dir="${basedir}/languages/Capabilities/source_gen" />
    <delete dir="${basedir}/languages/HardwarePlatforms/source_gen" />
    <delete dir="${basedir}/languages/SoftwarePlatforms/source_gen" />
    <delete dir="${basedir}/solutions/cosmo.dimensions.build/source_gen" />
  </target>
</project>