<?xml version="1.0" encoding="UTF-8"?>
<project version="4">
  <component name="ChangeListManager">
    <list default="true" id="4366d9fe-3f3d-40a4-ac99-3174585a9cba" name="Default Changelist" comment="" />
    <option name="SHOW_DIALOG" value="false" />
    <option name="HIGHLIGHT_CONFLICTS" value="true" />
    <option name="HIGHLIGHT_NON_ACTIVE_CHANGELIST" value="false" />
    <option name="LAST_RESOLUTION" value="IGNORE" />
  </component>
  <component name="ConsoleHistory">
    <option name="tabs">
      <list>
        <TabState>
          <option name="title" value="Console" />
          <tab>
            <model ref="a2b2232f-9652-4d43-96a3-3559806dd260/r:45188192-84c5-423b-b261-87c12b6bdd10(TempModulea2b2232f-9652-4d43-96a3-3559806dd260/ConsoleModel_37685053943853)">
              <persistence version="9" />
              <languages>
                <devkit ref="70d3d6da-af63-483d-a75f-9c8acf8de332(jetbrains.mps.console.devkit)" />
              </languages>
              <imports />
              <registry>
                <language id="de1ad86d-6e50-4a02-b306-d4d17f64c375" name="jetbrains.mps.console.base">
                  <concept id="1583916890557930028" name="jetbrains.mps.console.base.structure.ConsoleRoot" flags="ng" index="aymSD">
                    <child id="1583916890557930415" name="history" index="aymYE" />
                    <child id="1583916890557930417" name="commandHolder" index="aymYO" />
                    <child id="9025248442620242919" name="cursor" index="1PhJh3" />
                  </concept>
                  <concept id="5758176878586720817" name="jetbrains.mps.console.base.structure.CommandHolderRef" flags="ng" index="2_V_lH">
                    <reference id="5758176878586720818" name="target" index="2_V_lI" />
                  </concept>
                  <concept id="351968380916615243" name="jetbrains.mps.console.base.structure.CommandHolder" flags="ng" index="2Clz$F" />
                  <concept id="757553790980850366" name="jetbrains.mps.console.base.structure.History" flags="ng" index="3balQm" />
                </language>
              </registry>
              <node concept="aymSD" id="4J2WE2uf4Ca">
                <node concept="3balQm" id="4J2WE2uf4Cb" role="aymYE" />
                <node concept="2Clz$F" id="4J2WE2uf4Cc" role="aymYO" />
                <node concept="2_V_lH" id="4J2WE2uf4Cd" role="1PhJh3">
                  <ref role="2_V_lI" node="4J2WE2uf4Cc" resolve="CommandHolder" />
                </node>
              </node>
            </model>
          </tab>
        </TabState>
      </list>
    </option>
  </component>
  <component name="DefaultSearchOptions3">
    <search_options>
      <finders>
        <finders />
      </finders>
      <scope>
        <scope_type scope_type="PROJECT" module="&lt;default&gt;" model="&lt;default&gt;" />
      </scope>
      <view>
        <flags show_one_result="true" new_tab="false" />
      </view>
    </search_options>
  </component>
  <component name="MPSBookmarkManager">
    <option name="myBookmarkInfos">
      <array>
        <BookmarkInfo />
        <BookmarkInfo />
        <BookmarkInfo />
        <BookmarkInfo />
        <BookmarkInfo />
        <BookmarkInfo />
        <BookmarkInfo />
        <BookmarkInfo />
        <BookmarkInfo />
        <BookmarkInfo />
      </array>
    </option>
  </component>
  <component name="MessagesViewTool">
    <option name="defaultListState">
      <MessageListState>
        <option name="autoscrollToSource" value="true" />
        <option name="info" value="true" />
        <option name="warnings" value="true" />
      </MessageListState>
    </option>
  </component>
  <component name="ProjectId" id="1iSAQdNX79Gjw1iSje2llpEtD0y" />
  <component name="ProjectPluginManager">
    <option name="pluginsState">
      <option name="de.itemis.mps.selection.runtime.plugin.Runtime_ProjectPlugin">
        <value>
          <PluginState />
        </value>
      </option>
      <option name="jetbrains.mps.baseLanguage.lightweightdsl.pluginSolution.plugin.PluginSolution_ProjectPlugin">
        <value>
          <PluginState />
        </value>
      </option>
      <option name="jetbrains.mps.editor.contextActionsTool.pluginSolution.plugin.PluginSolution_ProjectPlugin">
        <value>
          <PluginState />
        </value>
      </option>
      <option name="jetbrains.mps.execution.configurations.implementation.plugin.plugin.Plugin_ProjectPlugin">
        <value>
          <PluginState />
        </value>
      </option>
      <option name="jetbrains.mps.execution.configurations.pluginSolution.plugin.PluginSolution_ProjectPlugin">
        <value>
          <PluginState />
        </value>
      </option>
      <option name="jetbrains.mps.ide.actions.Ide_ProjectPlugin">
        <value>
          <PluginState>
            <option name="myComponentsState">
              <list>
                <ComponentState>
                  <option name="first" value="jetbrains.mps.ide.actions.BehaviorDialogsPersistentOptions_PreferencesComponent" />
                  <params>
                    <option name="addReturnsOnImplement" value="false" />
                    <option name="sortAlphabetically" value="false" />
                    <option name="removeAttributes" value="true" />
                  </params>
                </ComponentState>
              </list>
            </option>
          </PluginState>
        </value>
      </option>
      <option name="jetbrains.mps.ide.devkit.actions.Mpsdevkit_ProjectPlugin">
        <value>
          <PluginState />
        </value>
      </option>
      <option name="jetbrains.mps.ide.make.actions.Make_ProjectPlugin">
        <value>
          <PluginState />
        </value>
      </option>
      <option name="jetbrains.mps.lang.editor.tooltips.runtime.plugin.Runtime_ProjectPlugin">
        <value>
          <PluginState />
        </value>
      </option>
      <option name="jetbrains.mps.vcs.mergehints.plugin.plugin.Plugin_ProjectPlugin">
        <value>
          <PluginState />
        </value>
      </option>
    </option>
  </component>
  <component name="ProjectView">
    <navigator currentView="ProjectPane" proportions="" version="1" />
    <panes>
      <pane id="ProjectPane">
        <subPane>
          <PATH>
            <PATH_ELEMENT>
              <option name="myItemId" value="Project" />
              <option name="myItemType" value="" />
            </PATH_ELEMENT>
          </PATH>
          <SELECTED>
            <PATH_ELEMENT>
              <option name="myItemId" value="Project" />
              <option name="myItemType" value="" />
            </PATH_ELEMENT>
            <PATH_ELEMENT>
              <option name="myItemId" value="6d222813-53ea-440e-ba30-23ced4b723f0(QoS)" />
              <option name="myItemType" value="" />
            </PATH_ELEMENT>
          </SELECTED>
        </subPane>
      </pane>
      <pane id="FileSystem" />
    </panes>
  </component>
  <component name="ProjectViewState">
    <option name="hideEmptyMiddlePackages" value="true" />
    <option name="showLibraryContents" value="true" />
  </component>
  <component name="PropertiesComponent">
    <property name="RunOnceActivity.OpenProjectViewOnStart" value="true" />
    <property name="last_opened_file_path" value="$USER_HOME$/Documents/RandD/vericomp/ros2-dsl/languages/ROS2/ROS2.mpl" />
  </component>
  <component name="SpellCheckerSettings" RuntimeDictionaries="0" Folders="0" CustomDictionaries="0" DefaultDictionary="application-level" UseSingleDictionary="true" transferred="true" />
  <component name="TaskManager">
    <task active="true" id="Default" summary="Default task">
      <changelist id="4366d9fe-3f3d-40a4-ac99-3174585a9cba" name="Default Changelist" comment="" />
      <created>1601890604888</created>
      <option name="number" value="Default" />
      <option name="presentableId" value="Default" />
      <updated>1601890604888</updated>
    </task>
    <servers />
  </component>
  <component name="UsagesViewTool">
    <version id="1" />
    <tabs />
    <default_view_options>
      <options category_option="false" module_option="true" model_option="true" root_option="true" path_option="false" count_option="true" info_option="true" view_searched_nodes_option="true" group_searched_nodes_option="true" autoscroll_option="false" />
    </default_view_options>
  </component>
  <component name="WindowStateProjectService">
    <state x="519" y="249" width="883" height="618" key="#MPSPropertiesConfigurable" timestamp="1605089340920">
      <screen x="0" y="27" width="1920" height="1053" />
    </state>
    <state x="519" y="249" width="883" height="618" key="#MPSPropertiesConfigurable/0.27.1920.1053@0.27.1920.1053" timestamp="1605089340920" />
    <state x="643" y="312" width="744" height="491" key="#jetbrains.mps.ide.migration.MigrationAssistantWizard" timestamp="1604587270744">
      <screen x="0" y="27" width="1920" height="1053" />
    </state>
    <state x="643" y="312" width="744" height="491" key="#jetbrains.mps.ide.migration.MigrationAssistantWizard/0.27.1920.1053@0.27.1920.1053" timestamp="1604587270744" />
    <state x="743" y="301" width="424" height="491" key="FileChooserDialogImpl" timestamp="1604500006847">
      <screen x="0" y="27" width="1920" height="1053" />
    </state>
    <state x="743" y="290" width="424" height="484" key="FileChooserDialogImpl/0.27.1920.1012@0.27.1920.1012" timestamp="1603186256957" />
    <state x="743" y="301" width="424" height="491" key="FileChooserDialogImpl/0.27.1920.1053@0.27.1920.1053" timestamp="1604500006847" />
    <state x="775" y="404" width="615" height="315" key="jetbrains.mps.ide.ui.dialogs.properties.choosers.ChooserDialog" timestamp="1605089338563">
      <screen x="0" y="27" width="1920" height="1053" />
    </state>
    <state x="775" y="404" width="615" height="315" key="jetbrains.mps.ide.ui.dialogs.properties.choosers.ChooserDialog/0.27.1920.1053@0.27.1920.1053" timestamp="1605089338563" />
  </component>
</project>