<?xml version="1.0" encoding="UTF-8"?>
<project version="4">
  <component name="MPSProject">
    <projectModules>
      <modulePath path="$PROJECT_DIR$/languages/DDS/DDS.mpl" folder="" />
      <modulePath path="$PROJECT_DIR$/languages/DDS/sandbox/DDS.sandbox.msd" folder="" />
      <modulePath path="$PROJECT_DIR$/languages/OoS/OoS.mpl" folder="" />
      <modulePath path="$PROJECT_DIR$/languages/QoS/QoS.mpl" folder="" />
      <modulePath path="$PROJECT_DIR$/../QoS-dsl/languages/QoS/QoS.mpl" folder="" />
    </projectModules>
  </component>
</project>