<?xml version="1.0" encoding="UTF-8"?>
<project version="4">
  <component name="MPSProject">
    <projectModules>
      <modulePath path="$PROJECT_DIR$/languages/Capabilities/Capabilities.mpl" folder="" />
      <modulePath path="$PROJECT_DIR$/languages/HardwarePlatforms/HardwarePlatforms.mpl" folder="" />
      <modulePath path="$PROJECT_DIR$/languages/SoftwarePlatforms/SoftwarePlatforms.mpl" folder="" />
      <modulePath path="$PROJECT_DIR$/solutions/Dimensions.diagrams/Dimensions.diagrams.msd" folder="" />
      <modulePath path="$PROJECT_DIR$/solutions/cosmo.dimensions.build/cosmo.dimensions.build.msd" folder="" />
    </projectModules>
  </component>
</project>