<?xml version="1.0" encoding="UTF-8"?>
<project version="4">
  <component name="ChangeListManager">
    <list default="true" id="06217b7b-d144-4a1d-90f5-05bbca5290f9" name="Default Changelist" comment="">
      <change beforePath="$PROJECT_DIR$/.mps/modules.xml" beforeDir="false" afterPath="$PROJECT_DIR$/.mps/modules.xml" afterDir="false" />
      <change beforePath="$PROJECT_DIR$/.mps/workspace.xml" beforeDir="false" afterPath="$PROJECT_DIR$/.mps/workspace.xml" afterDir="false" />
      <change beforePath="$PROJECT_DIR$/languages/ROS2/classes_gen/ROS2/structure/TextIcon_1.png" beforeDir="false" afterPath="$PROJECT_DIR$/languages/ROS2/classes_gen/ROS2/structure/TextIcon_1.png" afterDir="false" />
      <change beforePath="$PROJECT_DIR$/languages/ROS2/sandbox/classes_gen/ROS2/sandbox/display.config.yaml" beforeDir="false" />
      <change beforePath="$PROJECT_DIR$/languages/ROS2/sandbox/classes_gen/ROS2/sandbox/pos_monitor.cpp" beforeDir="false" />
      <change beforePath="$PROJECT_DIR$/languages/ROS2/sandbox/classes_gen/ROS2/sandbox/turtle_controller.config.yaml" beforeDir="false" />
      <change beforePath="$PROJECT_DIR$/languages/ROS2/sandbox/classes_gen/ROS2/sandbox/turtle_sim_implementation.launch.py" beforeDir="false" />
      <change beforePath="$PROJECT_DIR$/languages/ROS2/sandbox/classes_gen/ROS2/sandbox/vel_monitor.cpp" beforeDir="false" />
      <change beforePath="$PROJECT_DIR$/languages/ROS2/sandbox/source_gen.caches/ROS2/sandbox/generated" beforeDir="false" afterPath="$PROJECT_DIR$/languages/ROS2/sandbox/source_gen.caches/ROS2/sandbox/generated" afterDir="false" />
      <change beforePath="$PROJECT_DIR$/languages/ROS2/sandbox/source_gen/ROS2/sandbox/display.config.yaml" beforeDir="false" />
      <change beforePath="$PROJECT_DIR$/languages/ROS2/sandbox/source_gen/ROS2/sandbox/pos_monitor.cpp" beforeDir="false" />
      <change beforePath="$PROJECT_DIR$/languages/ROS2/sandbox/source_gen/ROS2/sandbox/turtle_controller.config.yaml" beforeDir="false" />
      <change beforePath="$PROJECT_DIR$/languages/ROS2/sandbox/source_gen/ROS2/sandbox/turtle_sim_implementation.launch.py" beforeDir="false" />
      <change beforePath="$PROJECT_DIR$/languages/ROS2/sandbox/source_gen/ROS2/sandbox/vel_monitor.cpp" beforeDir="false" />
      <change beforePath="$PROJECT_DIR$/languages/ROS2/source_gen/ROS2/structure/TextIcon_1.png" beforeDir="false" afterPath="$PROJECT_DIR$/languages/ROS2/source_gen/ROS2/structure/TextIcon_1.png" afterDir="false" />
    </list>
    <option name="SHOW_DIALOG" value="false" />
    <option name="HIGHLIGHT_CONFLICTS" value="true" />
    <option name="HIGHLIGHT_NON_ACTIVE_CHANGELIST" value="false" />
    <option name="LAST_RESOLUTION" value="IGNORE" />
  </component>
  <component name="ConsoleHistory">
    <option name="tabs">
      <list>
        <TabState>
          <option name="title" value="Console" />
          <tab>
            <model ref="407b52f4-fb4c-4092-85cc-6249d7cf5769/r:28025672-394b-45c1-b799-6276962d5d22(TempModule407b52f4-fb4c-4092-85cc-6249d7cf5769/ConsoleModel_4343244444241)">
              <persistence version="9" />
              <languages>
                <devkit ref="70d3d6da-af63-483d-a75f-9c8acf8de332(jetbrains.mps.console.devkit)" />
              </languages>
              <imports />
              <registry>
                <language id="de1ad86d-6e50-4a02-b306-d4d17f64c375" name="jetbrains.mps.console.base">
                  <concept id="1583916890557930028" name="jetbrains.mps.console.base.structure.ConsoleRoot" flags="ng" index="aymSD">
                    <child id="1583916890557930415" name="history" index="aymYE" />
                    <child id="1583916890557930417" name="commandHolder" index="aymYO" />
                    <child id="9025248442620242919" name="cursor" index="1PhJh3" />
                  </concept>
                  <concept id="5758176878586720817" name="jetbrains.mps.console.base.structure.CommandHolderRef" flags="ng" index="2_V_lH">
                    <reference id="5758176878586720818" name="target" index="2_V_lI" />
                  </concept>
                  <concept id="351968380916615243" name="jetbrains.mps.console.base.structure.CommandHolder" flags="ng" index="2Clz$F" />
                  <concept id="757553790980850366" name="jetbrains.mps.console.base.structure.History" flags="ng" index="3balQm" />
                </language>
              </registry>
              <node concept="aymSD" id="mGHRU9GuRF">
                <node concept="3balQm" id="mGHRU9GuRG" role="aymYE" />
                <node concept="2Clz$F" id="mGHRU9GuRH" role="aymYO" />
                <node concept="2_V_lH" id="mGHRU9GuRI" role="1PhJh3">
                  <ref role="2_V_lI" node="mGHRU9GuRH" resolve="CommandHolder" />
                </node>
              </node>
            </model>
          </tab>
        </TabState>
      </list>
    </option>
  </component>
  <component name="DefaultSearchOptions3">
    <search_options>
      <finders>
        <finders />
      </finders>
      <scope>
        <scope_type scope_type="PROJECT" module="&lt;default&gt;" model="&lt;default&gt;" />
      </scope>
      <view>
        <flags show_one_result="true" new_tab="false" />
      </view>
    </search_options>
  </component>
  <component name="Git.Settings">
    <option name="RECENT_GIT_ROOT_PATH" value="$PROJECT_DIR$" />
  </component>
  <component name="MPSBookmarkManager">
    <option name="myBookmarkInfos">
      <array>
        <BookmarkInfo />
        <BookmarkInfo />
        <BookmarkInfo />
        <BookmarkInfo />
        <BookmarkInfo />
        <BookmarkInfo />
        <BookmarkInfo />
        <BookmarkInfo />
        <BookmarkInfo />
        <BookmarkInfo />
      </array>
    </option>
  </component>
  <component name="MessagesViewTool">
    <option name="defaultListState">
      <MessageListState>
        <option name="autoscrollToSource" value="true" />
        <option name="info" value="true" />
        <option name="warnings" value="true" />
      </MessageListState>
    </option>
  </component>
  <component name="ProjectId" id="1j8WdBHbXijOL5Fca5HPrwDcJFB" />
  <component name="ProjectPluginManager">
    <option name="pluginsState">
      <option name="Orocos.plugin.Orocos_ProjectPlugin">
        <value>
          <PluginState>
            <option name="myComponentsState">
              <list>
                <ComponentState>
                  <option name="first" value="Orocos.plugin.OrocosPreferences_PreferencesComponent" />
                  <params>
                    <option name="cosima_prefix" />
                    <option name="rtt_component_paths" />
                  </params>
                </ComponentState>
              </list>
            </option>
          </PluginState>
        </value>
      </option>
      <option name="de.itemis.mps.selection.runtime.plugin.Runtime_ProjectPlugin">
        <value>
          <PluginState />
        </value>
      </option>
      <option name="jetbrains.mps.baseLanguage.lightweightdsl.pluginSolution.plugin.PluginSolution_ProjectPlugin">
        <value>
          <PluginState />
        </value>
      </option>
      <option name="jetbrains.mps.editor.contextActionsTool.pluginSolution.plugin.PluginSolution_ProjectPlugin">
        <value>
          <PluginState />
        </value>
      </option>
      <option name="jetbrains.mps.execution.configurations.implementation.plugin.plugin.Plugin_ProjectPlugin">
        <value>
          <PluginState />
        </value>
      </option>
      <option name="jetbrains.mps.execution.configurations.pluginSolution.plugin.PluginSolution_ProjectPlugin">
        <value>
          <PluginState />
        </value>
      </option>
      <option name="jetbrains.mps.ide.actions.Ide_ProjectPlugin">
        <value>
          <PluginState>
            <option name="myComponentsState">
              <list>
                <ComponentState>
                  <option name="first" value="jetbrains.mps.ide.actions.BehaviorDialogsPersistentOptions_PreferencesComponent" />
                  <params>
                    <option name="addReturnsOnImplement" value="false" />
                    <option name="sortAlphabetically" value="false" />
                    <option name="removeAttributes" value="true" />
                  </params>
                </ComponentState>
              </list>
            </option>
          </PluginState>
        </value>
      </option>
      <option name="jetbrains.mps.ide.devkit.actions.Mpsdevkit_ProjectPlugin">
        <value>
          <PluginState />
        </value>
      </option>
      <option name="jetbrains.mps.ide.make.actions.Make_ProjectPlugin">
        <value>
          <PluginState />
        </value>
      </option>
      <option name="jetbrains.mps.lang.editor.tooltips.runtime.plugin.Runtime_ProjectPlugin">
        <value>
          <PluginState />
        </value>
      </option>
      <option name="jetbrains.mps.vcs.mergehints.plugin.plugin.Plugin_ProjectPlugin">
        <value>
          <PluginState />
        </value>
      </option>
    </option>
  </component>
  <component name="ProjectView">
    <navigator currentView="ProjectPane" proportions="" version="1" />
    <panes>
      <pane id="ProjectPane">
        <subPane>
          <PATH>
            <PATH_ELEMENT>
              <option name="myItemId" value="Project" />
              <option name="myItemType" value="" />
            </PATH_ELEMENT>
          </PATH>
          <SELECTED>
            <PATH_ELEMENT>
              <option name="myItemId" value="Project" />
              <option name="myItemType" value="" />
            </PATH_ELEMENT>
            <PATH_ELEMENT>
              <option name="myItemId" value="73f2d64e-927d-48dc-89c7-793f38431f94(ROS2)" />
              <option name="myItemType" value="" />
            </PATH_ELEMENT>
          </SELECTED>
        </subPane>
      </pane>
      <pane id="FileSystem">
        <subPane>
          <expand>
            <path>
              <item name="" type="" />
            </path>
          </expand>
          <select />
        </subPane>
      </pane>
    </panes>
  </component>
  <component name="ProjectViewState">
    <option name="hideEmptyMiddlePackages" value="true" />
    <option name="showLibraryContents" value="true" />
  </component>
  <component name="PropertiesComponent">
    <property name="RunOnceActivity.OpenProjectViewOnStart" value="true" />
    <property name="last_opened_file_path" value="$PROJECT_DIR$/../dimensions-dsl/solutions/cosmo.dimensions.build/cosmo.dimensions.build.msd" />
    <property name="settings.editor.selected.configurable" value="project.options.prefs.page" />
  </component>
  <component name="RunManager">
    <configuration name="Tests in 'ROS2'" type="JUnit Tests" factoryName="JUnit Tests" temporary="true">
      <myJUnitSettings>
        <MyState>
          <option name="myModelRef" />
          <option name="myModuleRef" value="ae01db02-0e82-4048-a6df-46767ad0e671(ROS2)" />
          <option name="myInProcess" value="false" />
          <option name="myReuseCaches" value="true" />
          <option name="myOverrideCachesLocation" value="false" />
          <option name="myDebug" value="false" />
          <option name="myCachesPath" value="$USER_HOME$/.config/JetBrains/MPSJUnitRC0" />
          <option name="myTestCases">
            <list />
          </option>
          <option name="myTestMethods">
            <list />
          </option>
          <option name="myRunType" value="1" />
        </MyState>
      </myJUnitSettings>
      <myJavaRunParameters>
        <MyState>
          <option name="myJavaParameters">
            <JavaRunParameters>
              <option name="jrePath" />
              <option name="programParameters" />
              <option name="useAlternativeJre" value="false" />
              <option name="vmOptions" value="-ea" />
              <option name="workingDirectory" value="$USER_HOME$" />
            </JavaRunParameters>
          </option>
        </MyState>
      </myJavaRunParameters>
      <myDeploySettings>
        <MyState>
          <option name="myPluginsToDeploy">
            <list />
          </option>
        </MyState>
      </myDeploySettings>
      <method v="2">
        <option name="jetbrains.mps.execution.configurations.pluginSolution.plugin.MakeNodePointers_BeforeTask" enabled="true" />
        <option name="jetbrains.mps.execution.configurations.implementation.plugin.plugin.AssemblePluginsBeforeTask_BeforeTask" enabled="true" />
      </method>
    </configuration>
    <recent_temporary>
      <list>
        <item itemvalue="JUnit Tests.Tests in 'ROS2'" />
      </list>
    </recent_temporary>
  </component>
  <component name="SpellCheckerSettings" RuntimeDictionaries="0" Folders="0" CustomDictionaries="0" DefaultDictionary="application-level" UseSingleDictionary="true" transferred="true" />
  <component name="TaskManager">
    <task active="true" id="Default" summary="Default task">
      <changelist id="06217b7b-d144-4a1d-90f5-05bbca5290f9" name="Default Changelist" comment="" />
      <created>1603186284072</created>
      <option name="number" value="Default" />
      <option name="presentableId" value="Default" />
      <updated>1603186284072</updated>
    </task>
    <servers />
  </component>
  <component name="UnknownFeatures">
    <option featureType="com.intellij.fileTypeFactory" implementationName="*.yaml" />
  </component>
  <component name="UsagesViewTool">
    <version id="1" />
    <tabs />
    <default_view_options>
      <options category_option="false" module_option="true" model_option="true" root_option="true" path_option="false" count_option="true" info_option="true" view_searched_nodes_option="true" group_searched_nodes_option="true" autoscroll_option="false" />
    </default_view_options>
  </component>
  <component name="WindowStateProjectService">
    <state x="462" y="248" width="986" height="618" key="#MPSPropertiesConfigurable" timestamp="1643877698108">
      <screen x="0" y="27" width="1920" height="1053" />
    </state>
    <state x="462" y="248" width="986" height="618" key="#MPSPropertiesConfigurable/0.27.1920.1053@0.27.1920.1053" timestamp="1643877698108" />
    <state x="480" y="377" width="399" height="360" key="FileChooserDialogImpl" timestamp="1643879030845">
      <screen x="0" y="27" width="1920" height="1053" />
    </state>
    <state x="480" y="377" width="399" height="360" key="FileChooserDialogImpl/0.27.1920.1053@0.27.1920.1053" timestamp="1643879030845" />
    <state x="1063" y="478" width="424" height="491" key="FileChooserDialogImpl/307.1440.1920.1080/0.0.2560.1440@0.0.2560.1440" timestamp="1638526338043" />
    <state x="449" y="188" width="1022" height="737" key="SettingsEditor" timestamp="1643875445417">
      <screen x="0" y="27" width="1920" height="1053" />
    </state>
    <state x="449" y="188" width="1022" height="737" key="SettingsEditor/0.27.1920.1053@0.27.1920.1053" timestamp="1643875445417" />
    <state x="680" y="414" width="798" height="285" key="jetbrains.mps.workbench.dialogs.project.properties.project.ProjectPropertiesDialog" timestamp="1643879033962">
      <screen x="0" y="27" width="1920" height="1053" />
    </state>
    <state x="680" y="414" width="798" height="285" key="jetbrains.mps.workbench.dialogs.project.properties.project.ProjectPropertiesDialog/0.27.1920.1053@0.27.1920.1053" timestamp="1643879033962" />
  </component>
</project>