<?xml version="1.0" encoding="UTF-8"?>
<project version="4">
  <component name="MigrationProperties">
    <entry key="jetbrains.mps.cleanExp_3.4" value="executed" />
    <entry key="jetbrains.mps.ide.mpsmigration.v172.JUnitLibsRepackaging" value="executed" />
    <entry key="jetbrains.mps.ide.mpsmigration.v182.ReapplyPatternMigration" value="executed" />
    <entry key="jetbrains.mps.ide.mpsmigration.v34.EngagedLanguagesImports" value="executed" />
    <entry key="jetbrains.mps.ide.mpsmigration.v_2019_3.DefaultFacetExplicitPersistence" value="executed" />
    <entry key="jetbrains.mps.javaVersionMigration_JDKDefault" value="executed" />
  </component>
</project>